090007/Incl_bas.htm:1
2aimmo/incl_bas.htm:1
2mers/index4.htm:1
2mers/immobilier-bordeaux.htm:1
2mers/annonces-immobilieres-bordeaux.htm:1
2mers/agence-immobiliere-bordeaux.htm:1
2mers/immobilier-sud-ouest.htm:1
2mers/immobilier-gironde.htm:1
2mers/immobilier-entre-deux-mers.htm:1
2mers/immobilier_entre_deux_mers.htm:1
3col/incl_bas.htm:1
3col_test/incl_bas.htm:1
4sergents/achat-appartement-la-rochelle.htm:1
4sergents/achat-maison-la-rochelle.htm:1
4sergents/agences-immobilieres-la-rochelle.htm:1
4sergents/annonces-immobilieres-la-rochelle.htm:1
4sergents/immobilier-la-rochelle.htm:1
4sergents/incl_bas.htm:1
4sergents/index.htm:1
4sergents/index4.htm:1
4sergents/vente-maison-la-rochelle.htm:1
ADS83/index_old.htm:1
ADS83/agencesimmobilieresvar.htm:1
ADS83/agences-immobilieres-var.htm:1
ADS83/agences-immo-var.htm:1
ADS83/agences-immobilieres-brignoles.htm:1
ADS83/agencesimmobilieresbrignoles.htm:1
ADS83/agences-immo-brignoles.htm:1
ADS83/vente-villa-var.htm:1
ADS83/ventevillavar.htm:1
ADS83/vente-villa-ds-var.htm:1
ADS83/vente-appartement-var.htm:1
ADS83/venteappartementvar.htm:1
ADS83/vente-appartement-ds-var.htm:1
ADS83/vente-terrain-var.htm:1
ADS83/venteterrainvar.htm:1
ADS83/vente-terrain-ds-var.htm:1
ADS83/defiscalisation-var.htm:1
ADS83/defiscalisationvar.htm:1
ADS83/defiscalisation-var-agence-soleil.htm:1
Albens73/immobilier-rumilly1.htm:1
Albens73/immobilier-rumilly3.htm:1
Albens73/immobilier-annecy2.htm:1
Albens73/immobilier-rumilly2.htm:1
Albens73/immobilier-annecy1.htm:1
Albens73/immobilier-aix-les-bains1.htm:1
Albens73/immobilier-aix-les-bains2.htm:1
Albens73/immobilier-aix-les-bains3.htm:1
Albens73/immobilier-lac-du-bourget1.htm:1
Albens73/immobilier-annecy3.htm:1
Albens73/maison-annecy2.htm:1
Albens73/maison-annecy3.htm:1
Albens73/maison-annecy1.htm:1
Albens73/annecy-immobilier3.htm:1
Albens73/immobilier-lac-du-bourget2.htm:1
Albens73/immobilier-lac-du-bourget3.htm:1
Albens73/annecy-immobilier2.htm:1
Albens73/annecy-immobilier1.htm:1
Albens73/index-backup.htm:1
Bourse_Immo/incl_bas.htm:1
DOM/incl_bas.htm:1
Lentilly/incl_bas.htm:1
Lentilly/lens/Incl_bas.htm:1
MDRC95/incl_bas.htm:1
MHT/incl_bas.htm:1
Nouveau dossier/nordloire/incl_bas.htm:1
Nouveau dossier/nordloire/index.htm:1
Nouveau dossier/nordloire/index3.htm:1
TTI/incl_bas.htm:1
YGimmobilier/incl_bas.htm:1
YGimmobilier/incl_bas.htm.nby.sl:1
_transopera/incl_bas.htm:1
a2c/incl_Bas.htm:1
a2i/incl_bas.htm:1
a2i31/incl_Bas.htm:1
aami/incl_Bas.htm:1
abc56/incl_bas.htm:1
abci/incl_bas.htm:1
abhome/incl_bas.htm:1
abhome/accueil.htm:1
abhome/index.htm:1
abhome/index-backup.htm:1
abhome/index-test.htm:1
abi9/maquette.htm:1
abl/incl_bas.htm:1
abl/modele-index.htm:1
abl/immobilier-brignoles.htm:1
abl/immo-brignoles.htm:1
abl/imo-brignoles.htm:1
abl/agences-immobilieres-brignoles.htm:1
abl/agences-immobilieresbrignoles.htm:1
abl/agencesimmobilieresbrignoles.htm:1
abl/annonces-immobilieres-brignoles.htm:1
abl/annoncesimmobilieresbrignoles.htm:1
abl/annoncesimmobrignoles.htm:1
abwald/template.htm:1
abwald/incl_bas.htm:1
abwald/index6.htm:1
abwald/index.htm:1
abwald/immobilier-marne-la-vallee.htm:1
abwald/immobilier-val-d-europe.htm:1
abwald/immobilier-serris.htm:1
abwald/immobilier-magny-le-hongre.htm:1
abwald/immobilier-bailly-romainvilliers.htm:1
abwald/immobilier-77.htm:1
accimmo31/incl_bas.htm:1
accord/incl_bas.htm:1
accueil/incl_bas.htm:1
accueil31/Incl_bas.htm:1
acgp/incl_bas.htm:1
aci69/accueil.htm:1
aci69/accueil.htm.bak:1
aci69/index.htm_old:1
acm/ancien_rechercha.htm:1
acm/calculette.htm:1
acm/locations.htm:1
acm/contact.htm:1
acm/cp_deplist.htm:1
acm/cp_deplist_.htm:1
acm/cp_list.htm:1
acm/cp_list_.htm:1
acm/disp_agence.htm:1
acm/effacerselection.htm:1
acm/index_.htm:1
acm/page_ok.htm:1
acm/index_france_lodge.htm:1
acm/qui.htm:1
acm/recherche.htm:1
acm/__recherche.htm:1
acm/proximite_.htm:1
acm/proximite2.htm:1
acm/ventes.htm:1
acm/proximite_a.htm:1
acm/accueil.htm:1
acm/index.htm_:1
acm/selection.htm:1
acm/visu_3d.htm:1
acm/visu_photo.htm:1
acm/visuel_photos.htm:1
acm/visult_photo.htm:1
acm/addalerte.htm:1
acm/proxiloc_a.htm:1
acm/addalerte_ok.htm:1
acm/ajoutpanier.htm:1
acm/rechercha.htm:1
acm/incl_bas.htm:1
acm/copies/Copie de qui.htm:1
acm/copies/index_.htm:1
acm/poub/rech.htm:1
acm/poub/rechercha.htm:1
acm/poub/recherche.htm:1
acm/poub/REFrecherche.htm:1
acm/_incl_Bas.htm:1
act_seyssins/incl_bas.htm:1
act_seyssins/index3.htm:1
act_seyssins/immobilier-grenoble.htm:1
act_seyssins/immobilier-isere.htm:1
act_seyssins/agence-immobiliere-grenoble.htm:1
act_seyssins/agence-immobilieregrenoble.htm:1
act_seyssins/immobiliergrenoble.htm:1
act_seyssins/immobilierisere.htm:1
act_seyssins/immogrenoble.htm:1
act_seyssins/immoagrenoble.htm:1
act_seyssins/immobilierenisere.htm:1
act_seyssins/agenceimmobiliere-grenoble.htm:1
act_seyssins/index-backup.htm:1
action_habitat/incl_bas.htm:1
actuel/incl_bas.htm:1
ademdeco/incl_bas.htm:1
ademdeco/referencement/incl_page_1.htm:1
ademdeco/referencement/incl_page_2.htm:1
ademdeco/referencement/incl_page_3.htm:1
aei/incl_bas.htm:1
aei/incl_bas.htm.nby.sl:1
aelix/incl_bas.htm:1
afimmo/incl_bas.htm:1
afimmo17/incl_bas.htm:1
agdulac/incl_bas.htm:1
agdulac/index4.htm:1
agdulac/_index.htm:1
agdulac/incl_bas.htm.bak:1
agdulac/index-en.htm_old:1
agence-de-lavenir/incl_bas.htm:1
agence-de-lavenir/index6.htm:1
agence-de-lavenir/index.htm:1
agence-de-lavenir/immobilier-toulon.htm:1
agence-de-lavenir/agence-immobiliere-toulon.htm:1
agence-de-lavenir/agences-immobilieres-toulon.htm:1
agence-de-lavenir/Copie de index.htm:1
agence-du-chateau/index9.htm:1
agence-du-chateau/acheter-une-villa-dans-le-var.htm:1
agence-du-chateau/achat-villa-var.htm:1
agence-du-chateau/vente-villa-var.htm:1
agence-du-chateau/index_sav.htm:1
agence44/incl_bas.htm:1
agence_royale/incl_bas.htm:1
agencedelavenir/accueil.htm:1
agencedelavenir/incl_bas.htm:1
agencedelavenir/index.htm:1
agencedelavenir/index2.htm:1
agencedelavenir/immobilier-arpajon.htm:1
agencedelavenir/immobilier-bretigny-sur-orge.htm:1
agencedelavenir/immobilier-etampes.htm:1
agencedelavenir/immobilier-etrechy.htm:1
agencedelavenir/immobilier-st-cheron.htm:1
agencedelavenir/immobilier-montlhery.htm:1
agencedelavenir/immobilierarpajon.htm:1
agencedelavenir/immobilierbretignysurorge.htm:1
agencedelavenir/immobilieretampes.htm:1
agencedelavenir/immobilieretrechy.htm:1
agencedelavenir/immobilierstcheron.htm:1
agencedelavenir/immobiliermontlhery.htm:1
agencedelavenir/index-old.htm:1
agencia/incl_bas.htm:1
agepi/accueil.htm:1
agepi/incl_bas.htm:1
agepi/page.htm:2
agepi/page2.htm:1
agepi/accueil.htm.nby.sl:1
agepi/index3.htm:1
agepi/index-frame.htm:1
agepi/agence-immobiliere-tarn.htm:1
agepi/agence-immobiliere-albi.htm:1
agepi/agence-immobiliere-graulhet.htm:1
agepi/index_old.htm:1
agepi/incl_Bas.htm:1
agerim/incl_bas.htm:1
aggare/incl_bas.htm:1
agm/incl_bas.htm:1
agposte/incl_bas.htm:1
agrofrance/incl_bas.htm:1
ahloti/page.htm:1
ahloti/incl_bas.htm:1
ahloti/immo-charente-maritime.htm:1
ahloti/immocharente-maritime.htm:1
ahloti/immo-charentemaritime.htm:1
ahloti/immobilier-charente-maritime.htm:1
ahloti/immobilier-rochefort.htm:1
ahloti/agence-immobiliere-rochefort.htm:1
ahloti/maison-rochefort.htm:1
ahloti/maison-charente-maritime.htm:1
ahloti/immobilier-charentes.htm:1
ahloti/immobilier-en-charente-maritime.htm:1
ahloti/immobilier-en-charentes.htm:1
ahloti/maison-en-charente-maritime.htm:1
ahvimmo/incl_bas.htm:1
aib/page.htm:2
aib/incl_bas.htm:1
aib/immobilier-mareil-marly.htm:1
aib/immobilier-st-germain-en-laye.htm:1
aib/immobilier-fourqueux.htm:1
aib/achat-maison-mareil-marly.htm:1
aib/achat-maison-st-germain-en-laye.htm:1
aib/achat-maison-fourqueux.htm:1
aic/incl_bas.htm:1
aireimmo/incl_bas.htm:1
aireimmo/index5.htm:1
aireimmo/immobilier-aire-sur-adour.htm:1
aireimmo/agence-immobiliere-aire-sur-adour.htm:1
aireimmo/agence-immobiliere-landes.htm:1
aireimmo/agences-immobilieres-landes.htm:1
aireimmo/achat-maison-landes.htm:1
aireimmo/immobilierlandes.htm:1
aireimmo/agenceimmobilierelandes.htm:1
aireimmo/agencesimmobiliereslandes.htm:1
aireimmo/achatmaisonlandes.htm:1
aireimmo/immobilierairesuradour.htm:1
aireimmo/agenceimmobilierairesuradour.htm:1
aireimmo/immolandes.htm:1
aireimmo/index-backup.htm:1
ajp-invest/incl_bas.htm:1
ajpnantes/incl_bas.htm:1
akademia/incl_bas.htm:1
alcyade/incl_bas.htm:1
algeca/incl_Bas.htm:1
allees/incl_bas.htm:1
allemand/accueil.htm:1
allemand/maquette.htm:1
allemand/template.htm:1
allemand/incl_bas.htm:1
allemand/index2.htm:1
allemand/immobilier-valence.htm:1
allemand/immobilier-drome.htm:1
allemand/immobilierdrome.htm:1
allemand/agence-immobiliere-valence.htm:1
allemand/immobiliervalence.htm:1
allemand/agenceimmobilierevalence.htm:1
allemand/_index.htm:1
allemand/index.htm:1
allemand/index-ref.htm:1
alliance/incl_bas.htm:1
alliance/immobilier-bordeaux-2.htm:1
alliance/immobilier-bordeaux-3.htm:1
alliance/viager-sud-ouest-2.htm:1
alliance/immobilier-bordeaux-1.htm:1
alliance/achat-maison-bordeaux-1.htm:1
alliance/viager-sud-ouest-1.htm:1
alliance/viager-sud-ouest-3.htm:1
alliance/agence-immobiliere-bordeaux-1.htm:1
alliance/agence-immobiliere-bordeaux-2.htm:1
alliance/achat-maison-bordeaux-2.htm:1
alliance/agence-immobiliere-bordeaux-3.htm:1
alliance/index_old.htm:1
alliance/achat-maison-bordeaux-3.htm:1
alliance/agences-immobilieres-bordeaux-2.htm:1
alliance/agences-immobilieres-bordeaux-1.htm:1
alliance/agences-immobilieres-bordeaux-3.htm:1
alliance/vente-maison-bordeaux-1.htm:1
alliance/vente-maison-bordeaux-2.htm:1
alliance/vente-maison-bordeaux-3.htm:1
alliance06/incl_bas.htm:1
alliance78/immobilier-charente-maritime.htm:1
alliance78/immobilier-mantes-la-jolie.htm:1
alliance78/achat-appartement-mantes-la-jolie.htm:1
alliance78/achat-maison-mantes-la-jolie.htm:1
alliance78/achat-pavillon-mantes-la-jolie.htm:1
alliance78/agence-immobiliere-mantes-la-jolie.htm:1
alliance78/annonces-immobilieres-mantes-la-jolie.htm:1
allin/template.htm:1
allin/incl_bas.htm:1
allin/incl_bas.htm.bak:1
alphabimmo/incl_bas.htm:1
alphabimmo/index-old.htm:1
alphabimmo/immobilier-ariege.htm:1
alphabimmo/immobilier-saint-gaudens.htm:1
alphabimmo/immobilier-luchon.htm:1
alphabimmo/agence-immobiliere-saint-gaudens.htm:1
alphabimmo/immobilier-pyrenees.htm:1
alphabimmo/vente-maison-ariege.htm:1
alphaimmo/incl_bas.htm:1
ami/accueil.htm:1
ami/template.htm:1
ami/incl_bas.htm:1
ami/index6.htm:1
ami/index.htm:1
ami/immobilier-grenoble.htm:1
ami/immobilier-isere.htm:1
ami/agence-immobiliere-grenoble.htm:1
ami/immobilier-a-grenoble.htm:1
ami/immogrenoble.htm:1
ami/immobilier-en-isere.htm:1
ami/agence-immobiliere-a-grenoble.htm:1
ami/immobiliergrenoble.htm:1
ami/immo-grenoble.htm:1
ami/imogrenoble.htm:1
ami/immobilierisere.htm:1
ami/immoisere.htm:1
ami/imoisere.htm:1
ami/imo-isere.htm:1
ami/index.htm.bak:1
ami/index-backup.htm:1
amicale_ich/index_old.htm:1
anais/index6.htm:1
anais/incl_Bas.htm:1
anais/locations-vacances-st-tropez.htm:1
anais/locations-saisonnieres-var.htm:1
anais/locations-vacances-cote-d-azur.htm:1
anais/immobilier-st-tropez.htm:1
anais/_index.htm:1
anne/index6.htm:1
anne/immobilier-calvados.htm:1
anne/agence-immobiliere-calvados.htm:1
anne/immobilier-villers-sur-mer.htm:1
anne/agence-immobiliere-villers-sur-mer.htm:1
anne/maison-villers-sur-mer.htm:1
anne/appartement-villers-sur-mer.htm:1
anne/index.htm_old:1
apartments-in-paris/avirer.htm:1
api/incl_bas.htm:1
api/index6.htm:1
api/index_old.htm:1
ar2/incl_bas-ref1.htm:1
ar2/incl_bas.htm:1
arbeau/incl_bas.htm:1
arbeau/old/incl_bas.htm:1
argens/incl_bas.htm:1
arthurimmo_clone/incl_bas.htm:1
arthurimmo_clone/index.htm:1
arthurimmo_clone/carte.htm:1
arthurimmo_clone/redirect/incl_bas.htm:1
arthurloyd/template.htm:1
arthurloyd/incl_bas.htm:1
assurimmo/index4.htm:1
assurimmo/incl_bas.htm:1
assurimmo/immobilier-royan.htm:1
assurimmo/immobilier-charente-maritime.htm:1
assurimmo/agence-immobiliere-charente-maritime.htm:1
assurimmo/agence-immobiliere-cozes.htm:1
assurimmo/immobilier-cozes.htm:1
assurimmo/immobilier-sud-ouest.htm:1
assurimmo/index-backup.htm:1
aster/incl_bas.htm:1
atella/page.htm:2
atella/incl_bas.htm:2
atella/index.htm:1
atella/immobilier-saacy-sur-marne.htm:1
atella/immobilier-la-ferte-sous-jouarre.htm:1
atella/achat-la-ferte-sous-jouarre.htm:1
atella/vente-la-ferte-sous-jouarre.htm:1
atella/vente-maison-la-ferte-sous-jouarre.htm:1
atella/achat-maison-la-ferte-sous-jouarre.htm:1
atella/accueil_.htm:1
atigestion/incl_bas.htm:1
atlantis/incl_bas.htm:1
atlantis_la_rochelle/incl_bas.htm:1
atlantis_la_rochelle/index4.htm:1
atlantis_la_rochelle/immobilier-la-rochelle.htm:1
atlantis_la_rochelle/agence-immobiliere-la-rochelle.htm:1
atlantis_la_rochelle/index-safe.htm:1
atlantis_la_rochelle/maison-la-rochelle.htm:1
atlantis_la_rochelle/annonces-immobilieres-la-rochelle.htm:1
atlantis_la_rochelle/annonces-immobilieres-charente-maritime.htm:1
atlantis_la_rochelle/immobilier-charente-maritime.htm:1
atlantis_la_rochelle/agence-immobiliere-charente-maritime.htm:1
atrium2/incl_bas.htm:1
atrium2/teste.htm:1
atrium2/incl_bas_.htm:1
attic/template.htm:1
attic/incl_bas.htm:1
attic/maquette.htm:1
auburtin/incl_bas.htm:1
avl/incl_bas.htm:1
axel/incl_bas.htm:1
axomega/index6.htm:1
axomega/logementsetudiant.htm:1
axomega/job-etudiant.htm:1
axomega/jobetudiant.htm:1
axomega/job-etudiant-mister-campus.htm:1
axomega/soiree-etudiante.htm:1
axomega/soireeetudiante.htm:1
axomega/soiree-etudiante-mister-campus.htm:1
axomega/bon-plan-etudiant.htm:1
axomega/loisirs-etudiants.htm:1
axomega/bonplanetudiant.htm:1
axomega/bon-plan-etudiantmistercampus.htm:1
axomega/loisirsetudiants.htm:1
axomega/voyageetudiant.htm:1
axomega/voyage-etudiant.htm:1
axomega/voyage-etudiant-mister-campus.htm:1
axomega/logements-etudiant-mister-campus.htm:1
axomega/logements-etudiant-campus-mister.htm:1
axomega/loisirs-etudiants-mister-campus.htm:1
axomega/index_old.htm:1
axximo62/incl_bas.htm:1
axximo62/modele-index.htm:1
axximo62/index.htm:1
axximo62/immobilier-hardelot.htm:1
axximo62/immobilierhardelot.htm:1
axximo62/immohardelot.htm:1
axximo62/immobilier-boulogne-sur-mer.htm:1
axximo62/immobilierboulognesurmer.htm:1
axximo62/immoboulognesurmer.htm:1
axximo62/immocoteopale.htm:1
axximo62/immobilier-cote-opale.htm:1
axximo62/immobiliercoteopale.htm:1
axximo62/agence-immobiliere-hardelot.htm:1
axximo62/agenceimmobilierehardelot.htm:1
axximo62/agenceimmohardelot.htm:1
axximo62/agence-immobiliere-boulogne-sur-mer.htm:1
axximo62/agenceimmobiliereboulognesurmer.htm:1
axximo62/agenceimmoboulognesurmer.htm:1
axximo62/agence-immobiliere-cote-opale.htm:1
axximo62/agenceimmobilierecoteopale.htm:1
axximo62/agenceimmocoteopale.htm:1
azur/incl_Bas.htm:1
azurimmo06/incl_bas.htm:1
baagi/incl_bas.htm:1
badoil/incl_bas.htm:1
balma/incl_bas.htm:1
balma31/incl_bas.htm:1
balma31/incl_Bas.htm:1
bardoux/incl_bas.htm:1
baron/incl_bas.htm:1
basque/accueil.htm:1
basque/incl_bas.htm:1
basque/immobilier-biarritz.htm:1
basque/immobilier-bayonne.htm:1
basque/immobilier-anglet.htm:1
basque/immobilier-pays-basque.htm:1
basque/immobilier-du-pays-basque.htm:1
basque/immobilier-pyrenees-atlantiques.htm:1
basque/agence-immobiliere-pays-basque.htm:1
basque/template.htm.nby.sl:1
basque/index.htm_:1
basque/immobilier-boucau.htm:1
basque/immobilier-cambo.htm:1
basque/template.htm:1
basque/immobilier-hasparren.htm:1
basque/agence-immobiliere-biarritz.htm:1
basque/agence-immobiliere-anglet.htm:1
basque/agence-immobiliere-bayonne.htm:1
basque/appartement-biarritz.htm:1
basque/maison-pays-basque.htm:1
bassee/incl_bas.htm:1
beachimmo/incl_Bas.htm:1
belair/incl_bas.htm:1
belotti/index6.htm:1
belotti/incl_bas.htm:1
belotti/Copie de index.htm:1
belotti/index3.htm:1
belotti/immobilier-sud-toulouse.htm:1
belotti/index-old.htm:1
belotti/immobilier-muret.htm:1
belotti/immobilier-cugnaux.htm:1
belvimmo/incl_bas.htm:1
belvimmo/immobilier-paris-14.htm:1
belvimmo/immobilier-paris-14-era.htm:1
belvimmo/immobilier-paris-14era.htm:1
belvimmo/vente-appartement-14-era.htm:1
belvimmo/vente-appartement-14era.htm:1
belvimmo/vente-appartement-14.htm:1
belvimmo/location-appartement-14-era.htm:1
belvimmo/annonces-immobilieres-14.htm:1
belvimmo/annonces-immobilieres-14era.htm:1
belvimmo/immobilieriledefrance.htm:1
belvimmo/annonces-immobilieres-14-era.htm:1
belvimmo/immobilier-ile-defrance.htm:1
belvimmo/location-appartement-14.htm:1
belvimmo/immobilier-ile-de-france.htm:1
belvimmo/vente-maison-iledefrance.htm:1
belvimmo/vente-maison-ile-de-france.htm:1
belvimmo/vente-maison-ile-defrance.htm:1
belvimmo/location-appartement-14era.htm:1
belvimmo/index-backup.htm:1
belzic/incl_bas.htm:1
berlioz/incl_bas.htm:1
berti2/incl_bas.htm:1
berti2/incl_bas.htm.nby.sl:1
betrim/Incl_bas.htm:1
bievre38/accueil.htm:1
bievre38/page.htm:1
bievre38/incl_bas.htm:1
bievre38/index.htm:1
bievre38/index_old.htm:1
bievre38/immobilier-grenoble.htm:1
bievre38/agence-immobiliere-grenoble.htm:1
bievre38/immobilier-isere.htm:1
billieres/template.htm:1
billieres/accueil.htm:1
billieres/templatenavigation.htm:1
billieres/incl_bas.htm:1
billieres/index2.htm:1
billieres/progneuf.htm:1
billieres/index.htm:1
bip/incl_bas.htm:1
bip/index.htm:1
bip/index4.htm:1
bleue/index.htm:1
bleue/index2.htm:1
bleue/immobilier-martigues.htm:1
bleue/immobilier-istres.htm:1
bleue/immobilier-salon-de-provence.htm:1
bleue/immobilier-sausset-les-pins.htm:1
bleue/immobilier-marignane.htm:1
bleue/immobilier-vitrolles.htm:1
bleue/index.htm.bak:1
boix2/incl_bas.htm:1
bonnefoy/template.htm:1
bonnefoy/accueil.htm:1
bonnefoy/img/teste.html:1
bonnefoy/incl_bas.htm:1
bonnefoy/index.htm:1
bonnefoy/immobilierlyon.htm:1
bonnefoy/agenceimmobilierelyon.htm:1
bonnefoy/index2.htm:1
bonnefoy/index4.htm:1
bonnefoy/index-old.htm:1
bonnefoy/teste.html:1
bonnefoy/teste.htm:1
bonnefoy2/incl_bas.htm:1
bonnefoy2/index.htm:1
bourdin/incl_bas.htm:1
bousquet/accueil.htm:1
bousquet/page.htm:1
bousquet/page2.htm:1
bousquet/incl_bas_.htm:1
bousquet/incl_bas.htm:1
bousquet/index4.htm:1
bousquet/index-test.htm:1
bousquet/index.htm:1
bousquet/Copie de index.htm:1
bousquet/immobilier-versailles.htm:1
bousquet/immobilier-le-chesnay.htm:1
bousquet/index-old.htm:1
bousquet/appartement-le-chesnay.htm:1
bousquet/ancienne version/accueil.htm:1
bousquet/ancienne version/incl_bas.htm:1
bousquet/ancienne version/incl_bas_.htm:1
bousquet/ancienne version/index.htm:1
bousquet/ancienne version/index3.htm:1
bousquet/ancienne version/page.htm:1
bousquet/appartement-versailles.htm:1
bousquet/maison-versailles.htm:1
bousquet/maison-le-chesnay.htm:1
bracke/incl_bas.htm:1
bracke/incl_bas__.htm:1
bremond/page.htm:1
bremond/page2.htm:1
bremond/incl_bas.htm:1
bremond/index.htm:1
bremond/agence-immobiliere-st-maximin.htm:1
bricks/incl_Bas.htm:1
bricks/save/incl_Bas.htm:1
brisac/incl_bas.htm:1
brivet/incl_bas.htm:1
brun/incl_bas.htm:1
brun/index_old.htm:1
brun/immobiliersaintes.htm:1
brun/immobilier-saintes.htm:1
brun/immobilier-a-saintes.htm:1
brun/annoncesimmobilieressaintes.htm:1
brun/annonces-immobilieres-saintes.htm:1
brun/annonces-immobilieres-sur-saintes.htm:1
brun/agenceimmobilieresaintes.htm:1
brun/agence-immobiliere-saintes.htm:1
brun/agence-immobiliere-a-saintes.htm:1
brun/immobiliersudouest.htm:1
brun/immobilier-sud-ouest.htm:1
brun/immobilier-du-sud-ouest.htm:1
brun/ventemaisonsaintes.htm:1
brun/annonces-immobilieres-charente-maritime.htm:1
brun/vente-maison-saintes.htm:1
brun/vente-maison-a-saintes.htm:1
brun/annoncesimmobilierescharentemaritime.htm:1
brun/annonces-immobilieres-charentemaritime.htm:1
brunet/incl_Bas.htm:1
bruno/incl_bas.htm:1
bruyeres/page.htm:1
bruyeres/accueil.htm:1
bruyeres/page2.htm:1
bruyeres/incl_bas.htm:1
bruyeres/immobilier-a-courbevoie.htm:1
bruyeres/index.htm:1
bruyeres/index.htm_bk:1
buffat/incl_Bas.htm:1
buisson/incl_bas.htm:1
c21_1076/buisson/incl_bas.htm:1
cabanis/template.htm:1
cabanis/incl_bas_.htm:1
cabanis/index4.htm:1
cabanis/incl_bas.htm:1
cabanis/accueil_.htm:1
cabanis/immobilier-bandol.htm:1
cabanis/immobilier-six-fours-les-plages.htm:1
cabanis/immobilier-sanary-sur-mer.htm:1
cabanis/immobilier-le-beausset.htm:1
cabanis/immobilier-ollioules.htm:1
cabanis/immobilier-la-cadiere-d-azur.htm:1
cabanis/index-backup.htm:1
cabinetdumidi/incl_bas.htm:1
cabinetdumidi/carte-brax.htm:1
cabinetdumidi/carte-cologne.htm:1
cabinetdumidi/index-old.htm:1
cabmidi31/incl_bas.htm:2
cabmidi31/agence-immobiliere-a-toulouse.htm:1
cabmidi31/agenceimmobiliereatoulouse.htm:1
cabmidi31/agenceimmobiliere-a-toulouse.htm:1
cabmidi31/venteappartementatoulouse.htm:1
cabmidi31/vente-appartement-a-toulouse.htm:1
cabmidi31/venteappartementa-toulouse.htm:1
cabmidi31/achatappartementatoulouse.htm:1
cabmidi31/achatappartementa-toulouse.htm:1
cabmidi31/achat-appartement-a-toulouse.htm:1
cabmidi31/index-backup.htm:1
cabmidi31/immobilier-nord-toulousecabinetdumidi.htm:1
cabmidi31/immobiliernord-toulouse-cabinetdumidi.htm:1
cabmidi31/immobilier-nordtoulousecabinetdumidi.htm:1
cabmidi31/immobilier-villemur-surtarn.htm:1
cabmidi31/immobiliervillemursurtarn.htm:1
cabmidi31/immobilierville-mursurtarn.htm:1
cabmidi31/agence-immobiliere-nord-toulouse.htm:1
cabmidi31/agenceimmobiliere-nord-toulouse.htm:1
cabmidi31/agenceimmobilierenordtoulouse.htm:1
cadeau/incl_bas.htm:1
cagire/index4.htm:1
cagire/index3.htm:1
cagire/index-english.htm:1
cagire/real-estate-toulouse.htm:1
cagire/real-estate-luchon.htm:1
cagire/real-estate-pyrenees.htm:1
cagire/real-estate-agency-pyrenees.htm:1
cagire/real-estate-agency-luchon.htm:1
cagire/property-pyrenees.htm:1
cagire/index-old.htm:1
caluire/incl_bas.htm:1
caluire/incl_bask.htm:1
caluire/incl_basindex.htm:1
caluire/template.htm:1
caluire/incl_bas2.htm:1
caluire/template.htm.nby.sl:1
cannimmo/incl_bas.htm:1
cap13/template.htm:1
cap13/incl_bas.htm:1
cap13/index4.htm:1
cap13/immobilier-martigues.htm:1
cap13/agence-immobiliere-martigues.htm:1
cap13/villa-martigues.htm:1
cap13/index.htm_back:1
cap13/appartements-martigues.htm:1
cap13/annonces-immobilieres-martigues.htm:1
cap13/vente-immobiliere-martigues.htm:1
cap13/immobilier-a-martigues.htm:1
cap91/incl_bas.htm:1
cap91/index.htm:1
cap91/index6.htm:1
cap91/immobilier-breuillet.htm:1
capazur/incl_bas.htm:1
capazur/index6.htm:1
capazur/back/apartment-for-sale-cote-azur.htm:1
capazur/back/apartment-for-sale-toulon.htm:1
capazur/back/apartment-to-buy-cote-azur.htm:1
capazur/back/apartment-to-buy-toulon.htm:1
capazur/back/villa-for-sale-toulon.htm:1
capazur/back/villa-to-buy-cote-azur.htm:1
capazur/back/villa-to-buy-toulon.htm:1
capazur/back/villa-for-sale-cote-azur.htm:1
capazur/back/apartment-for-sale-cote-azur.htm.bak:1
capazur/back/house-for-sale-toulon.htm:1
capazur/back/house-to-buy-cote-azur.htm:1
capazur/back/house-for-sale-cote-azur.htm:1
capazur/back/house-to-buy-toulon.htm:1
capazur/index6.htm.bak:1
capazur_/incl_bas.htm:1
capazur_/index6.htm:1
capazur_/villa-to-buy-toulon.htm:1
capazur_/house-to-buy-toulon.htm:1
capazur_/apartment-to-buy-toulon.htm:1
capazur_/house-for-sale-toulon.htm:1
capazur_/apartment-for-sale-toulon.htm:1
capazur_/villa-for-sale-toulon.htm:1
capazur_/apartment-for-sale-cote-azur.htm:1
capazur_/house-for-sale-cote-azur.htm:1
capazur_/villa-for-sale-cote-azur.htm:1
capazur_/villa-to-buy-cote-azur.htm:1
capazur_/house-to-buy-cote-azur.htm:1
capazur_/apartment-to-buy-cote-azur.htm:1
capsicie/incl_bas.htm:1
carolemuller/index.htm:1
carolemuller/index2.htm:1
carolemuller/immobilier-lot.htm:1
carolemuller/immobilier-aveyron.htm:1
carolemuller/immobilier-ariege.htm:1
cartier/Incl_bas.htm:1
castim/incl_bas.htm:1
castor/incl_bas.htm:1
catelin/incl_bas.htm:1
catelin/index5.htm:1
catelin/immobilier-clermont-ferrand.htm:1
catelin/agence-immobiliere-clermont-ferrand.htm:1
catelin/immobilier-cournon-d-auvergne.htm:1
catelin/immobilierclermontferrand.htm:1
catelin/agenceimmobiliereclermontferrand.htm:1
catelin/immobilierecournondauvergne.htm:1
catelin/immobilierournondauvergne.htm:1
catelin/immobiliercournondauvergne.htm:1
catelin/index-back.htm:1
cazals/incl_bas.htm:1
celtic/incl_bas.htm:1
centrale/incl_bas.htm:1
centre/incl_bas.htm:1
centre_aix/incl_bas.htm:1
centre_aix/aiximmo.htm:1
centre_aix/index4.htm:1
centre_aix/index.htm:1
centrevar/incl_bas.htm:1
century21jmb/index3.htm:1
century21jmb/incl_bas.htm:1
century21jmb/index.htm:1
century21jmb/immobilier-vaucresson.htm:1
century21jmb/achat-appartement-vaucresson.htm:1
century21jmb/achat-maison-vaucresson.htm:1
century21jmb/achat-villa-vaucresson.htm:1
century21jmb/location-maison-vaucresson.htm:1
century21jmb/location-appartement-vaucresson.htm:1
cer/incl_bas.htm:1
cfci/incl_bas.htm:1
cfci/incl_bas.htm.nby.sl:1
cfii93/Incl_bas.htm:1
chandeau/incl_bas.htm:1
chandeau/coordon.htm:1
chandeau/page.htm:1
chandeau/immobilier-la-rochelle.htm:1
chandeau/achat-maison-la-rochelle.htm:1
chandeau/agence-immobiliere-la-rochelle.htm:1
chandeau/annonces-immobilieres-la-rochelle.htm:1
chandeau/maison-la-rochelle.htm:1
chandeau/location-maison-la-rochelle.htm:1
chandeau/index-backup.htm:1
charmett/incl_bas.htm:1
charmett/index.htm:1
charmett/index6.htm:1
charmett/immobilier-torcy.htm:1
charmett/immobilier-lognes.htm:1
charmett/immobilier-noisiel.htm:1
charmett/immobilier-croissy-beaubourg.htm:1
charmett/vente-maisons-torcy.htm:1
charmett/vente-appartements-torcy.htm:1
charmett/page.htm:1
charmett/incl_bas_.htm:1
chateau91/incl_bas.htm:1
chatenet/incl_bas.htm:1
chatenet/incl_bas_old.htm:1
chavenay/incl_bas.htm:1
chaville/incl_bas.htm:1
chelles2/incl_bas.htm:1
chesneau/incl_bas.htm:1
chomette/incl_bas.htm:1
chomette/index6.htm:1
chomette/index_old.htm:1
cif/incl_bas.htm:1
cimm2/incl_bas.htm:1
cio31/maquette.htm:1
cio31/accueil.htm:1
cio31/template.htm:1
cio31/incl_bas.htm:1
cit/incl_bas.htm:1
citi/incl_bas.htm:1
citycom/incl_bas.htm:1
claude_charles/index.htm:1
claude_charles/index3.htm:1
claude_charles/achat-appartement-nice.htm:1
claude_charles/achat-maison-nice.htm:1
claude_charles/achat-fond-de-commerce-nice.htm:1
claude_charles/achat-propriete-nice.htm:1
claude_charles/agence-immobiliere-nice.htm:1
cle83/immobilier-toulon1.htm:1
cle83/Incl_bas.htm:1
cle83/immobilier-toulon2.htm:1
cle83/immobilier-toulon3.htm:1
cle83/agences-immobilieres-var1.htm:1
cle83/agences-immobilieres-var2.htm:1
cle83/agences-immobilieres-var3.htm:1
cle83/agence-immobiliere-var1.htm:1
cle83/agence-immobiliere-var2.htm:1
cle83/agence-immobiliere-var3.htm:1
cle83/annonces-immobilieres-var2.htm:1
cle83/annonces-immobilieres-var3.htm:1
cle83/annonces-immobilieres-var1.htm:1
cle83/vente-villa-var1.htm:1
cle83/achat-villa-var1.htm:1
cle83/achat-villa-var2.htm:1
cle83/vente-villa-var2.htm:1
cle83/vente-villa-var3.htm:1
cle83/achat-villa-var3.htm:1
cle83/agence-immobiliere-lagarde1.htm:1
cle83/agence-immobiliere-lagarde2.htm:1
cle83/agence-immobiliere-lagarde3.htm:1
cle83/index_old.htm:1
clef/incl_bas.htm:1
clef/accueil.htm:1
clef/index.htm:1
clef/index-test-ref.htm:1
clef/index-test-ref1.htm:1
clef/index-test-ref2.htm:1
clef/incl_bas.htm.bak:1
climex/accueil.htm:1
climex/agence-immobiliere-a-toulouse.htm:1
climex/agence-immobiliere-toulouse.htm:1
climex/immobilier-a-toulouse.htm:1
climex/immobilier-toulouse.htm:1
climex/incl_bas.htm:1
climex/index6.htm:1
climex/accueil.htm.bak:1
climex/index_old.htm:1
climex/index_test.htm.bak:1
climmo/incl_bas.htm:1
clv83/annonce-immobiliere-var.htm:1
clv83/immobilier-cogolin.htm:1
clv83/incl_bas.htm:1
clv83/index.htm:1
clv83/index3.htm:1
clv83/location-saisonniere-a-cogolin.htm:1
clv83/location-vacance-cogolin.htm:1
coi/incl_bas.htm:1
coi/incl_bas2.htm:1
colonnes/incl_bas.htm:1
colonnes/index.htm:1
colonnes/immobilier-cergy1.htm:1
colonnes/immobilier-cergy2.htm:1
colonnes/immobilier-cergy3.htm:1
colonnes/agence-immobiliere-cergy2.htm:1
colonnes/agence-immobiliere-cergy3.htm:1
colonnes/agence-immobiliere-cergy1.htm:1
colonnes/immobilier-vexin2.htm:1
colonnes/vente-maison-cergy2.htm:1
colonnes/location-appartement-cergy-pontoise1.htm:1
colonnes/vente-appartement-cergy1.htm:1
colonnes/vente-maison-cergy1.htm:1
colonnes/vente-maison-cergy3.htm:1
colonnes/location-appartement-cergy-pontoise3.htm:1
colonnes/immobilier-vexin3.htm:1
colonnes/location-appartement-cergy-pontoise2.htm:1
colonnes/vente-appartement-cergy2.htm:1
colonnes/vente-appartement-cergy3.htm:1
colonnes/immobilier-vexin1.htm:1
compagnieduloft/template.htm:1
compagnieduloft/incl_bas.htm:1
compagnieduloft/accueil.htm:1
compagnieduloft/atouts.htm:1
compagnieduloft/intercabinet.htm:1
comptoir34/template.htm:1
comptoir34/incl_bas.htm:1
comptoir34/index-backup.htm:1
comptoir34/immobilier-vendargues-comptoirimmo.htm:1
comptoir34/immobilier-vendargues-comptoir-immo.htm:1
comptoir34/immobiliervendarguescomptoirimmo.htm:1
comptoir34/immobiliersudmontpelliercomptoirimmo.htm:1
comptoir34/immobilier-sudmontpellier-comptoirimmo.htm:1
comptoir34/immobilier-sudmontpellier-comptoir-immo.htm:1
comptoir34/immobilier-estmontpellier-comptoirimmo.htm:1
comptoir34/immobilier-estmontpellier-comptoir-immo.htm:1
comptoir34/immobilierestmontpelliercomptoirimmo.htm:1
congres/incl_bas.htm:1
connexion/incl_bas.htm:1
connexion/index3.htm:1
connexion/index.htm:1
connexion/immobilier-neuilly-sur-seine.htm:1
connexion/immobilier-paris-9.htm:1
connexion/immobilier-paris-10.htm:1
connexion/immobilier-paris-14.htm:1
connexion/immobilier-paris-17.htm:1
connexion/immobilier-paris-18.htm:1
connexion/index2.htm:1
conseil/incl_bas.htm:1
conseil83/index4.htm:1
coprodim/incl_bas.htm:1
corniche/incl_bas.htm:1
corsaire83/Incl_bas.htm:1
coteaux31/incl_bas.htm:1
coteaux31/vente-maison-toulouse-coteaux.htm:1
coteaux31/ventemaisontoulousecoteaux.htm:1
coteaux31/ventemaison-toulouse-coteaux.htm:1
coteaux31/immobiliersudtoulousecoteaux.htm:1
coteaux31/immobiliersudtoulouse-coteaux.htm:1
coteaux31/immobilier-sudtoulouse-coteaux.htm:1
coteaux31/agenceimmobiliere-sudtoulouse-coteaux.htm:1
coteaux31/agenceimmobilieresudtoulousecoteaux.htm:1
coteaux31/agenceimmobilieresudtoulouse-coteaux.htm:1
coteaux31/immobiliervernequetoulouse-coteaux.htm:1
coteaux31/immobilier-verneque-toulouse-coteaux.htm:1
coteaux31/immobiliervernequecoteaux.htm:1
coteaux31/agenceimmobilierelevernet-coteaux.htm:1
coteaux31/agenceimmobiliere-levernet-coteaux.htm:1
coteaux31/agenceimmobilierelevernetcoteaux.htm:1
coteaux31/index_old.htm:1
coteaux31/annonces-immobilieressudtoulouse-coteaux.htm:1
coteaux31/annoncesimmobilieressudtoulousecoteaux.htm:1
coteaux31/annoncesimmobilieressud-toulouse-coteaux.htm:1
cotecarmes/achat-appartement-de-toulouse.htm:1
cotecarmes/agence-immobiliere-de-toulouse.htm:1
cotecarmes/immobilier-toulouse.htm:1
cotecarmes/incl_bas.htm:1
cotecarmes/index.htm:1
cotecarmes/index6.htm:1
cotecarmes/vente-appartement-de-toulouse.htm:1
cotrimo/incl_bas.htm:1
couderc31/template.htm:1
couderc31/incl_bas.htm:1
courbois/incl_bas.htm:1
csi84/immobilier-orange-cote-sud.htm:1
csi84/immobilierorangecotesud.htm:1
csi84/agenceimmobiliereorange.htm:1
csi84/agence-immobiliere-orange.htm:1
csi84/agence-immobiliereorange.htm:1
csi84/immobilierorange-cotesud.htm:1
csi84/vente-maisonorange-cote.htm:1
csi84/ventemaisonorangecote.htm:1
csi84/ventemaisonorange-cote.htm:1
csi84/ventevillaorange-cote.htm:1
csi84/vente-villaorange-cote.htm:1
csi84/ventevillaorangecote.htm:1
csi84/index-backup.htm:1
datcha/accueil.htm:1
datcha/incl_bas.htm:1
datcha/index.htm:1
datcha/immobilier-grenoble.htm:1
datcha/agence-immobiliere-grenoble.htm:1
datcha/immobiliergrenoble.htm:1
datcha/achat-maison-grenoble.htm:1
datcha/agenceimmobilieregrenoble.htm:1
datcha/sfddfg.htm:1
datcha/immobilier-a-grenoble.htm:1
datcha/agence-immobiliere-a-grenoble.htm:1
datcha/immobilier-sur-grenoble.htm:1
datcha/test.htm:1
deckimmo/incl_bas.htm:1
defoly/modele-index.htm:1
defoly/immobilier-biarritz.htm:1
defoly/immobilierbiarritz.htm:1
defoly/immobilierabiarritz.htm:1
defoly/immobilier-cote-basque.htm:1
defoly/immobiliercotebasque.htm:1
defoly/immobilierencotebasque.htm:1
defoly/immobilier-pays-basque.htm:1
defoly/immobilierpaysbasque.htm:1
defoly/immobilierenpaysbasque.htm:1
defoly/locations-saisonnieres-pays-basque.htm:1
defoly/locationssaisonnierespaysbasque.htm:1
defoly/locationssaisonnieresenpaysbasque.htm:1
defoly/locations-vacances-biarritz.htm:1
defoly/locationsvacancesbiarritz.htm:1
defoly/locationsvacancesabiarritz.htm:1
defoly/locations-vacances-cote-basque.htm:1
defoly/locationsvacancescotebasque.htm:1
defoly/locationsvacancesencotebasque.htm:1
delaye/incl_bas.htm:1
delta/template.htm:1
delta/incl_bas.htm:1
delta/adresse_delta.htm:1
delta/index-english.htm:1
delta/achat-immobilier-toulon.htm:1
delta/location-appartement-dans-le-var.htm:1
delta/location-appartement-provence.htm:1
delta/location-appartement-var.htm:1
delta/location-de-villa-dans-le-var.htm:1
delta/location-de-villa-en-provence.htm:1
delta/location-villa-en-provence.htm:1
delta/real-estate-for-sale-in-provence.htm:1
delta/real-estate-for-sale-on-provence.htm:1
delta/real-estate-in-provence.htm:1
delta/real-estate-on-provence.htm:1
delta/southern-france-real-estate.htm:1
delta/southern-france-real-estates.htm:1
delta/southern-france-real-estates-.htm:1
delta/south-france-holiday-rental.htm:1
delta/south-france-on-holiday-rental.htm:1
delta/vente-appartement-provence.htm:1
delta/vente-villa-provence.htm:1
delta/villa-rental-provence-france.htm:1
delta/villa-rental-provence-on-france.htm:1
delta/_incl_bas.htm:1
delta/vente-appartement-en-provence.htm:1
delta/vente-villa-en-provence.htm:1
delta/achat-immobilier-a-toulon.htm:1
delta/location-appartement-sur-le-var.htm:1
delta/location-villa-sur-le-var.htm:1
delta/incl_bas-ref.htm:1
demeures64/incl_bas.htm:1
derume/incl_bas.htm:1
derume/incl_bas-ref.htm:1
desmaisons/incl_bas.htm:1
dieu33/incl_bas.htm:1
diluca/incl_bas.htm:1
dnimmo/incl_bas.htm:1
domissimo/incl_bas.htm:1
domusci06/accueil.htm:1
domusci06/template.htm:1
domusci06/incl_bas.htm:1
ducloux/incl_bas.htm:1
ducloux/index2.htm:1
ducloux/achat-appartement-bois-colombes.htm:1
ducloux/achat-maison-bois-colombes.htm:1
ducloux/achat-maison-colombes.htm:1
ducloux/achat-appartement-colombes.htm:1
ducloux/achat-appartement-asnieres-sur-seine.htm:1
ducloux/achat-maison-asnieres-sur-seine.htm:1
ducloux/index-backup.htm:1
dupalais69/Incl_bas.htm:1
dupuy21/incl_bas.htm:1
ecully/incl_bas.htm:1
ecully/ecullyancien/incl_bas.htm:1
ejc/incl_bas.htm:1
ejc/index4.htm:1
ejc/immobilier-grenoble.htm:1
ejc/immobilier-isere.htm:1
ejc/agence-immobiliere-grenoble.htm:1
ejc/incl_bas-ref.htm:1
elitimo/incl_bas.htm:1
elysee/incl_Bas.htm:1
emeraude83/incl_Bas.htm:1
emf26/accueil.htm:1
emf26/incl_bas.htm:1
emf26/page.htm:1
emf26/index4.htm:1
emf26/index_old.htm:1
emf26/Copie de accueil.htm:1
emf26/accueil.htm.bak:1
emf26/immobilier-montelimar.htm:1
emf26/index.htm:1
emf26/agence-immobiliere-montelimar.htm:1
emf26/achat-maison-montelimar.htm:1
envol/agence-immobiliere-bordeaux.htm:1
envol/agence-immobiliere-talence.htm:1
envol/annonces-immobilieres-bordeaux.htm:1
envol/immobilier-bordeaux.htm:1
envol/immobilier-floirac.htm:1
envol/immobilier-talence.htm:1
envol/incl_bas.htm:1
envol/index.htm:1
envol/index6.htm:1
envol/index2.htm:1
era_CTI/estimation-appartement-paris-11.htm:1
era_CTI/estimation-appartement-paris-12.htm:1
era_CTI/immobilier-paris-11.htm:1
era_CTI/immobilier-paris-12.htm:1
era_CTI/immobilier-paris-20.htm:1
era_CTI/incl_bas.htm:1
era_CTI/index.htm:1
era_CTI/index6.htm:1
era_CTI/vente-appartement-paris-11.htm:1
era_CTI/vente-appartement-paris-12.htm:1
era_CTI/vente-appartement-paris-20.htm:1
eracau/incl_bas.htm:1
eradazin/incl_bas.htm:1
ere56/incl_bas.htm:1
espace/incl_bas.htm:1
espace01/incl_bas.htm:1
espace01/index4.htm:1
espace01/index_.htm:1
espace01/immobilier-pays-de-gex.htm:1
espace01/immobilier-rhone.htm:1
espace01/agence-immobiliere-saone-et-loire.htm:1
espace01/agence-immobiliere-ain.htm:1
espace01/immobilier-ain.htm:1
espace01/agence-immobiliere-rhone.htm:1
espace2000/incl_Bas.htm:1
espaceimmo/incl_bas.htm:1
essor/incl_bas.htm:2
essor/achat-maison-nimes.htm:1
essor/achat-maison-sur-nimes.htm:1
essor/achat-maison-dans-le-gard.htm:1
essor/immobilier-sur-le-gard.htm:1
essor/index.htm:1
essor/immobilier-gard-essor-immo.htm:1
essor/immobiliergardessorimmo.htm:1
essor/immobilier-gardessorimmo.htm:1
essor/achat-appartement-dans-le-gard.htm:1
essor/achat-appartement-sur-nimes.htm:1
essor/immobilier-sur-nimes.htm:1
essor/immobilier-du-gard.htm:1
essor/immobiliernimesessorimmo.htm:1
essor/immobilier-nimesessorimmo.htm:1
essor/immobilier-nimes-essor-immo.htm:1
eurimmo/vente-appartement-marseille2.htm:1
eurimmo/vente-appartement-marseille3.htm:1
eurimmo/incl_bas.htm:1
eurimmo/immobilier-marseille1.htm:1
eurimmo/immobilier-marseille2.htm:1
eurimmo/immobilier-marseille3.htm:1
eurimmo/vente-villa-marseille3.htm:1
eurimmo/immobilier-bouchesdurhone1.htm:1
eurimmo/immobilier-bouchesdurhone2.htm:1
eurimmo/immobilier-bouchesdurhone3.htm:1
eurimmo/vente-appartement-marseille1.htm:1
eurimmo/vente-villa-marseille1.htm:1
eurimmo/vente-villa-marseille2.htm:1
eurimmo/index_old.htm:1
eurimmo/agence-immobiliere-marseille1.htm:1
eurimmo/vente-villa-bouchesdurhone3.htm:1
eurimmo/vente-villa-bouchesdurhone2.htm:1
eurimmo/agence-immobiliere-marseille2.htm:1
eurimmo/agence-immobiliere-marseille3.htm:1
eurimmo/vente-villa-bouchesdurhone1.htm:1
europ17/incl_bas.htm:1
europa/incl_bas.htm:1
europazur/incl_bas.htm:1
europe/incl_bas.htm:1
europe/index2.htm:1
europe/template.htm:1
europe/index-safe.htm:1
excel/incl_bas.htm:1
faivre/incl_bas.htm:1
feget12/accueil.htm:1
feget12/template.htm:1
feget12/incl_bas.htm:1
florian/incl_bas.htm:1
florian/template.htm:1
foch/incl_bas.htm:1
fox/incl_bas.htm:1
fox/index6.htm:1
fox/immobilier-grenoble.htm:1
fox/agence-immobiliere-grenoble.htm:1
fox/immobilier-isere.htm:1
fox/index_old.htm:1
fpi83/incl_bas.htm:1
fpi83/page.htm:1
fpi83/page.htm.nby.sl:1
frambourg/incl_bas.htm:1
francia/incl_bas.htm:1
franckpila/incl_bas.htm:1
franckpila/template.htm:1
franckpila/incl_haut1.htm:1
franckpila/immobilier-lagny.htm:1
franckpila/immobilier-val-d-europe.htm:1
franckpila/vente-appartement-lagny-sur-marne.htm:1
franckpila/achat-appartement-lagny-sur-marne.htm:1
franckpila/vente-maison-lagny-sur-marne.htm:1
franckpila/estimation-maison-lagny-sur-marne.htm:1
franckpila/incl_haut1.htm.nby.sl:1
franckpila/estimation-appartement-lagny-sur-marne.htm:1
franckpila/template.htm.nby.sl:1
franckpila/index-old.htm:1
franco06/incl_bas.htm:1
frazur/incl_bas.htm:1
fregate/accueil.htm:1
fregate/template.htm:2
fregate/incl_bas.htm:1
gachet83/incl_Bas.htm:1
gambetta/template_new.htm:1
gambetta/incl_bas.htm:1
gambetta/old/incl_bas.htm:1
gambetta/old2/incl_bas.htm:1
gambetta/index-backup.htm:1
gambetta/immobilier-hyeres-agence-imogroup.htm:1
gambetta/immobilierhyeresagenceimogroup.htm:1
gambetta/immobilier-hyeres-agenceimogroup.htm:1
gambetta/immobilierprovenceagenceimogroup.htm:1
gambetta/immobilier-provence-agenceimogroup.htm:1
gambetta/immobilier-provence-agence-imogroup.htm:1
gambetta/immobiliervaragenceimogroup.htm:1
gambetta/immobilier-var-agenceimogroup.htm:1
gambetta/immobilier-var-agence-imogroup.htm:1
gambetta/vente-achatvillahyeres.htm:1
gambetta/vente-achat-villahyeres.htm:1
gambetta/venteachat-villa-hyeres.htm:1
gambetta/vente-achatappartementhyeres.htm:1
gambetta/vente-achat-appartementhyeres.htm:1
gambetta/venteachat-appartement-hyeres.htm:1
gambetta/agence-immobilierehyeresimogroup.htm:1
gambetta/agenceimmobilierehyeres-imogroup.htm:1
gambetta/agence-immobilierehyeres-imogroup.htm:1
gdtoulouse/vente-maison-ouest-toulouse.htm:1
gdtoulouse/vente-maison-ouest-de-toulouse.htm:1
gdtoulouse/immobilier-colomiers.htm:1
gdtoulouse/immobilier-blagnac.htm:1
gdtoulouse/immobilier-tournefeuille.htm:1
gdtoulouse/immobilier-cornebarrieu.htm:1
gdtoulouse/immobilier-ouest-toulouse.htm:1
gdtoulouse/immobilier-sud-toulouse.htm:1
gdtoulouse/immobilier-a-blagnac.htm:1
gdtoulouse/immobilier-a-colomiers.htm:1
gdtoulouse/immobilier-en-sud-toulouse.htm:1
gdtoulouse/immobilier-en-ouest-toulouse.htm:1
gefi/agence-immobiliere-toulouse.htm:1
gefi/immobilier-toulouse.htm:1
gefi/incl_bas.htm:1
gefi/index6.htm:1
gefi/vente-maison-toulouse.htm:1
gefi/immobilier-dans-toulouse.htm:1
gefi/immobilier-de-toulouse.htm:1
gefi/vente-maison-de-toulouse.htm:1
gefi/vente-maison-dans-toulouse.htm:1
gefi/_index.htm:1
geralpha/Incl_bas.htm:1
gessy44/incl_bas.htm:1
gic94/maquettes.htm:1
gic94/home.htm:1
gic94/modele-index.htm:1
gic94/immobilier-roissy.htm:1
gic94/immobilierroissy.htm:1
gic94/immoroissy.htm:1
gic94/imo-roissy.htm:1
gic94/imoroissy.htm:1
gic94/imoaroissy.htm:1
gic94/imoderoissy.htm:1
gic94/immobilier-noiseau.htm:1
gic94/immobiliernoiseau.htm:1
gic94/imo-noiseau.htm:1
gic94/imoanoiseau.htm:1
gic94/immobilier-sucy-en-brie.htm:1
gic94/stmaure.htm:1
gic94/immobiliersucy-en-brie.htm:1
gic94/imo-sucy-en-brie.htm:1
gic94/imo-sucyen-brie.htm:1
gic94/imosucyenbrie.htm:1
gic94/imosucyen-brie.htm:1
gic94/immobilier-st-maure-les-fosses.htm:1
gic94/immobilierst-maure-les-fosses.htm:1
gic94/immobilierstmaure-les-fosses.htm:1
gic94/imostmaurelesfosses.htm:1
gic94/imostmaurelesfoses.htm:1
gic94/imostmaure.htm:1
gic94/maison-individuelle-94.htm:1
gic94/maisonindividuelle-94.htm:1
gic94/maisonindividuelle94.htm:1
gic94/maison-94.htm:1
gic94/maison94.htm:1
gic94/mai94.htm:1
gic94/mai-94.htm:1
gic94/index_old.htm:1
gie/incl_bas.htm:1
gie/carte.htm:1
gie/test.htm:1
gie/immobilier-nord-toulouse.htm:1
gie/se-loger-a-toulouse.htm:1
gie/text recrut.htm:1
gie/immobilier-haute-garonne.htm:1
gie/achat-maison-toulouse.htm:1
gie/test5.htm:1
gie/immobilier-tarn-et-garonne.htm:1
gie/logement-toulouse.htm:1
gie/temp carte.htm:1
gie/annonce-immobiliere-toulouse.htm:1
gie/vente-maison-toulouse.htm:1
gie/agence-immobiliere-tarn-et-garonne.htm:1
gie/vente-maison-tarn-et-garonne.htm:1
gie/immobilier-montauban.htm:1
gie/agence-immobiliere-montauban.htm:1
gie/immobilier-a-montauban.htm:1
gie/immobilier-en-tarn-et-garonne.htm:1
gie/index-old.htm:1
gie_paris_sud/accueil.htm:1
giep/Incl_bas.htm:1
girod/incl_bas.htm:1
girod/incl_bas_old.htm:1
gix/immobilier-sur-lyon.htm:1
golf/incl_bas.htm:1
golf/template.htm:1
golf/index6.htm:1
golf/immobilier-montelimar.htm:1
golf/agence-immobiliere-montelimar.htm:1
golf/fonds-de-commerce-montelimar.htm:1
golf/template.htm.badlink.old:1
golf/index.htm_old:1
golf13/index4.htm:1
golf13/_index.htm:1
golfe83/incl_bas.htm:1
gpi91/incl_bas.htm:1
grandlyon/incl_bas.htm:1
guillemot/incl_bas.htm:1
guillemot/index.htm:1
guillemot/immobilier-pontault-combault.htm:1
guillemot/immobilier-roissy-en-brie.htm:1
guillemot/achat-appartement-pontault-combault.htm:1
guillemot/vente-appartement-pontault-combault.htm:1
guillemot/vente-maison-pontault-combault.htm:1
guillemot/achat-maison-pontault-combault.htm:1
habitat/template.htm:1
habitat/accueil.htm:1
habitat/incl_bas.htm:1
habitat/page.htm:1
hautecourt/incl_bas.htm:1
henriIV/index3.htm:1
henriIV/index.htm:1
henriIV/immobilier-senlis.htm:1
henriIV/immobilier-pont-sainte-maxence.htm:1
henriIV/achat-appartement-pont-sainte-maxence.htm:1
henriIV/achat-maison-pont-sainte-maxence.htm:1
henriIV/achat-maison-senlis.htm:1
henriIV/achat-appartement-senlis.htm:1
hermon/template.htm:1
hermon/incl_bas.htm:1
hermon/_index5.htm:1
hermon/index.htm:1
hermon/immobilier-asnieres-sur-seine.htm:1
hermon/achat-appartement-asnieres-sur-seine.htm:1
hermon/location-appartement-asnieres-sur-seine.htm:1
hermon/immobilier-a-asnieres-sur-seine.htm:1
hermon/_index.htm:1
hermon/location-appartement-a-asnieres-sur-seine.htm:1
hermon/achat-appartement-a-asnieres-sur-seine.htm:1
hoche/accueil.htm:1
hoche/template.htm:2
hoche/incl_bas.htm:1
hoche/achat-appartement-montauroux.htm:1
hoche/immobilier-versailles.htm:1
hoche/index-eng.htm:1
hoche/immobilier-montauroux.htm:1
hoche/achat-maison-montauroux.htm:1
hoche/achat-maison-versailles.htm:1
hoche/immobilier-a-montauroux.htm:1
hoche/location-appartement-versailles.htm:1
hoche/immobilier-a-versailles.htm:1
icma/incl_bas.htm:1
icma/template.htm:1
icma/template.htm.badlink.old:1
idcg/Incl_bas.htm:1
idgl/incl_bas.htm:1
idl/ref.htm:1
idl/index.htm:1
idl/incl_bas.htm:1
idl/index_immbolier-cadenet.htm:1
idl/index_immbolier-apt.htm:1
idl/index_immbolier-luberon.htm:1
idl/index_immbolier-pertuis.htm:1
ids38/incl_bas.htm:2
ids38/accueil.htm:1
ids38/page2.htm:2
ids38/index.htm:1
ids38/immobilier-chambery.htm:1
ids38/agence-immobiliere-chambery.htm:1
ids38/immobilier-pontcharra.htm:1
ids38/agence-immobiliere-pontcharra.htm:1
ids38/accueil.htm.bak:1
ids38/location-saisonniere-alpes.htm:1
ids38/location-vacances-alpes.htm:1
ids38/location-vacance-montagne.htm:1
ids38/immobilier-a-chambery.htm:1
ids38/agence-immobiliere-a-chambery.htm:1
idsenart/incl_bas.htm:1
idv/incl_bas.htm:1
ilette/index4.htm:1
ilette/index-backup.htm:1
imap/imap-agence-immobiliere-charente-maritime.htm:1
imap/imap-agenceimmobilierecharentemaritime.htm:1
imap/imap-agence-immobilierecharentemaritime.htm:1
imap/imap-immobiliercharentemaritime.htm:1
imap/imap-immobiliercharente-maritime.htm:1
imap/imapimmobiliercharente-maritime.htm:1
imap/imap-immobilierlarochelle.htm:1
imap/imap-immobilierla-rochelle.htm:1
imap/imapimmobilierla-rochelle.htm:1
imap/imap-maisoncharentemaritime.htm:1
imap/imap-maisoncharente-maritime.htm:1
imap/imapmaisoncharente-maritime.htm:1
immo-osny-cergy-vexin/templates.htm:1
immo-osny-cergy-vexin/incl_bas.htm:1
immo-osny-cergy-vexin/index2.htm:1
immo-osny-cergy-vexin/vexin.htm:1
immo-osny-cergy-vexin/nous.htm:1
immo-osny-cergy-vexin/popup.htm:1
immo-osny-cergy-vexin/carte.htm:1
immo-osny-cergy-vexin/test.htm:1
immo-osny-cergy-vexin/vente-appartement-cergy.htm:1
immo-osny-cergy-vexin/immobilier-vexin.htm:1
immo-osny-cergy-vexin/annonces-immobilieres-vexin.htm:1
immo-osny-cergy-vexin/immobilier-cergy-pontoise.htm:1
immo-osny-cergy-vexin/vente-appartement-vexin.htm:1
immo-osny-cergy-vexin/agence-immobiliere-cergy-pontoise.htm:1
immo-osny-cergy-vexin/annonces-immobilieres-osny.htm:1
immo-osny-cergy-vexin/vente-maison-cergy.htm:1
immo-osny-cergy-vexin/agence-immobiliere-vexin.htm:1
immo-osny-cergy-vexin/vente-maison-osny.htm:1
immo-osny-cergy-vexin/vente-appartement-cergy-pontoise.htm:1
immo-osny-cergy-vexin/vente-appartement-osny.htm:1
immo-osny-cergy-vexin/vente-maison-vexin.htm:1
immo-osny-cergy-vexin/annonces-immobilieres-cergy.htm:1
immo-osny-cergy-vexin/index_old.htm:1
immo1/incl_bas.htm:1
immo19/index-old.htm:1
immo19/incl_bas.htm:1
immo19/index4.htm:1
immo33/incl_bas.htm:1
immo33/index6.htm:1
immo33/immobilier-bordeaux.htm:1
immo33/immobilier-pessac.htm:1
immo33/gfdgdfgfdg.htm:1
immo33/AZERTY.htm:1
immo33/immobilier-merignac.htm:1
immo33/agence-immobiliere-bordeaux.htm:1
immo33/agence-immobiliere-pessac.htm:1
immo33/agence-immobiliere-merignac.htm:1
immo33/achat-maison-bordeaux.htm:1
immo33/annonces-immobilieres-bordeaux.htm:1
immo33/immobilier-entreprise-bordeaux.htm:1
immo33/vente-maison-bordeaux.htm:1
immo33/incl_bas.htm.bak:1
immo38/agence-immobiliere-bourgoin-jallieu.htm:1
immo38/agence-immobiliere-sud-lyon.htm:1
immo38/agence-immobiliere-vienne.htm:1
immo38/immobilier-bourgoin-jallieu.htm:1
immo38/immobilier-sud-lyon.htm:1
immo38/immobilier-vienne.htm:1
immo38/incl_bas.htm:1
immo38/index.htm:1
immo38/index4.htm:1
immo83/incl_bas.htm:1
immobilier-91/incl_bas.htm:1
immocenter/incl_bas.htm:1
immodc95/incl_bas.htm:1
immodesvallois/incl_bas.htm:1
immogenevi/incl_Bas.htm:1
immointer/Incl_bas.htm:1
immoj2l/incl_bas.htm:1
immologis/template.htm:1
immologis/incl_bas.htm:1
immologis2/incl_bas.htm:1
immologis2/old/incl_bas.htm:1
immonove/incl_bas.htm:1
immorange/vente-appartement-orange.htm:1
immorange/agence-immobiliere-a-orange.htm:1
immorange/agence-immobiliere-de-orange.htm:1
immorange/agence-immobiliere-de-provence.htm:1
immorange/agence-immobiliere-en-provence.htm:1
immorange/agence-immobiliere-orange.htm:1
immorange/agence-immobiliere-provence.htm:1
immorange/annonce-immobiliere-a-orange.htm:1
immorange/annonce-immobiliere-de-orange.htm:1
immorange/annonce-immobiliere-en-provence.htm:1
immorange/annonce-immobiliere-orange.htm:1
immorange/annonce-immobiliere-provence.htm:1
immorange/annonces-immobilieres-a-orange.htm:1
immorange/annonces-immobilieres-orange.htm:1
immorange/immobilier-a-avignon.htm:1
immorange/immobilier-a-orange.htm:1
immorange/immobilier-avignon.htm:1
immorange/immobilier-de-avignon.htm:1
immorange/immobilier-de-orange.htm:1
immorange/immobilier-orange.htm:1
immorange/orange-a-immobilier.htm:1
immorange/orange-de-immobilier.htm:1
immorange/orange-immobilier.htm:1
immorange/vente-appartement-a-orange.htm:1
immorange/vente-maison-a-orange.htm:1
immorange/vente-maison-de-orange.htm:1
immorange/vente-maison-orange.htm:1
immosprint/incl_bas.htm:1
immoteck/incl_bas.htm:1
immoteck/index4.htm:1
immoteck/immobilier-aurillac.htm:1
immoteck/immobilier-cantal.htm:1
immoteck/agence-immobiliere-aurillac.htm:1
immovar/achat-appartement-saint-cyr-sur-mer.htm:1
immovar/index.htm:1
immovar/index-english.htm:1
immovar/incl_bas_.htm:1
immovar/page.htm:1
immovar/page2.htm:1
immovar/page3.htm:2
immovar/incl_bas.htm:2
immovar/template.htm:2
immovar/villa-to-buy-sanary.htm:1
immovar/achat-villa-a-saint-cyr-sur-mer.htm:1
immovar/villa-to-buy-la-ciotat.htm:1
immovar/achat-villa-a-la-ciotat.htm:1
immovar/villa-to-buy-le-beausset.htm:1
immovar/achat-villa-a-la-cadiere-d-azur.htm:1
immovar/villa-to-buy-la-cadiere-d-azur.htm:1
immovar/achat-villa-a-le-beausset.htm:1
immovar/villa-to-buy-bandol.htm:1
immovar/achat-villa-a-bandol.htm:1
immovar/achat-villa-a-sanary.htm:1
immovar/indextest.htm:1
immovar/villa-to-buy-saint-cyr-sur-mer.htm:1
imogroup/index.htm:1
imogroup/incl_bas.htm:1
imogroup/azerty.htm:1
imogroup/agences-immobilieres-cote-d-azur.htm:1
imogroup/agences-immobilieres-rhone-alpes.htm:1
imogroup/agences-immobilieres-midi-pyrenees.htm:1
imogroup/agences-immobilieres-languedoc-roussillon.htm:1
imogroup/agences-immobilieres-poitou-charentes.htm:1
imogroup/agences-immobilieres-aquitaine.htm:1
imogroup/agences-immobilieres-bourgogne.htm:1
imogroup/index2.htm:1
imogroup/agences-immobilieres-lorraine.htm:1
imogroup/index4.htm:1
imogroup/agences-immobilieres-nord-pas-de-calais.htm:1
imogroup/agences-immobilieres-picardie.htm:1
imogroup/agences-immobilieres-franche-comte.htm:1
imogroup/agence-immobiliere-aquitaine.htm:1
imogroup/agence-immobiliere-bourgogne.htm:1
imogroup/agence-immobiliere-cote-d-azur.htm:1
imogroup/agence-immobiliere-franche-comte.htm:1
imogroup/agence-immobiliere-languedoc-roussillon.htm:1
imogroup/agence-immobiliere-lorraine.htm:1
imogroup/agence-immobiliere-midi-pyrenees.htm:1
imogroup/agence-immobiliere-nord-pas-de-calais.htm:1
imogroup/agence-immobiliere-picardie.htm:1
imogroup/agence-immobiliere-poitou-charentes.htm:1
imogroup/agence-immobiliere-rhone-alpes.htm:1
imogroup2/incl_bas.htm:1
imogroup2/index2.htm:1
imogroup2/index4.htm:1
imogroup2/immobilier-a-sanary.htm:1
imogroup2/immobilier-a-la-seyne-sur-mer.htm:1
imogroup2/immobilier-a-six-fours-les-plages.htm:1
imogroup2/immobilier-a-toulon.htm:1
imogroup2/agence-immobiliere-a-six-fours-les-plages.htm:1
imogroup2/agence-immobiliere-a-sanary.htm:1
imogroup_brignoles/template_brignoles.htm:1
imogroup_brignoles/incl_bas.htm:1
imogroup_brignoles/essai.htm:1
imogroup_brignoles/index.htm:1
imogroup_brignoles/index4.htm:1
imogroup_brignoles/agences-immobilieres-var.htm:1
imogroup_brignoles/achat-villa-var.htm:1
imogroup_brignoles/annonces-immobilieres-var.htm:1
imogroup_brignoles/achat-appartement-var.htm:1
imogroup_brignoles/achat-appartement-centre-var.htm:1
imogroup_brignoles/achat-villa-centre-var.htm:1
imogroup_romans/incl_bas.htm:1
imogroup_stquentin/immobilier-uzes3.htm:1
imogroup_stquentin/immobilier-uzes1.htm:1
imogroup_stquentin/immobilier-uzes2.htm:1
imogroup_stquentin/agence-immobiliere-uzes2.htm:1
imogroup_stquentin/agence-immobiliere-uzes3.htm:1
imogroup_stquentin/immobilier-gard1.htm:1
imogroup_stquentin/maison-uzes1.htm:1
imogroup_stquentin/maison-uzes2.htm:1
imogroup_stquentin/maison-uzes3.htm:1
imogroup_stquentin/immobilier-gard2.htm:1
imogroup_stquentin/immobilier-gard3.htm:1
imogroup_stquentin/agence-immobiliere-uzes1.htm:1
imogroup_stquentin/proprits-uzes2.htm:1
imogroup_stquentin/proprits-uzes1.htm:1
imogroup_stquentin/index-backup.htm:1
imogroup_stquentin/proprits-uzes3.htm:1
imogroup_stquentin/immobilier-saint-quentin-la-poterie1.htm:1
imogroup_stquentin/immobilier-saint-quentin-la-poterie2.htm:1
imogroup_stquentin/immobilier-saint-quentin-la-poterie3.htm:1
imontblanc/template.htm:1
imontblanc/incl_bas.htm:1
impr17/incl_bas.htm:1
impr17/index.htm:1
impr17/immobilier-royan.htm:1
impr17/immobilieraroyan.htm:1
impr17/agences-immobilieres-royan1.htm:1
impr17/agences-immobilieres-royan3.htm:1
impr17/immobilierroyan.htm:1
impr17/agences-immobilieres-royan2.htm:1
impr17/annonces-immobilieres-royan3.htm:1
impr17/annonces-immobilieres-royan1.htm:1
impr17/annonces-immobilieres-royan2.htm:1
impr17/maison-royan3.htm:1
impr17/appartements-royan3.htm:1
impr17/annonces_immobilieres_carrieres_sur_seine1.htm:1
impr17/maison-royan1.htm:1
impr17/immobilier_carrieres_sur_seine1.htm:1
impr17/maison-royan2.htm:1
impr17/appartements-royan2.htm:1
impr17/appartements-royan1.htm:1
impr17/immobilier_carrieres_sur_seine2.htm:1
impr17/immobilier_carrieres_sur_seine3.htm:1
impr17/agences_immobilieres_carrieres_sur_seine1.htm:1
impr17/agences_immobilieres_carrieres_sur_seine2.htm:1
impr17/immobilier_chatou1.htm:1
impr17/agences_immobilieres_carrieres_sur_seine3.htm:1
impr17/Copie de index.htm:1
impr17/immobilier_chatou3.htm:1
impr17/annonces_immobilieres_carrieres_sur_seine2.htm:1
impr17/immobilier_chatou2.htm:1
impr17/annonces_immobilieres_carrieres_sur_seine3.htm:1
impr17/agences-immobilieres-chatou1.htm:1
impr17/agences-immobilieres-chatou2.htm:1
impr17/agences-immobilieres-chatou3.htm:1
impressionistes/incl_bas.htm:1
impressionistes/index3.htm:1
interimm17/incl_bas.htm:1
isis/incl_Bas.htm:1
isj/incl_bas.htm:1
ithier/incl_bas.htm:1
iti/incl_bas.htm:1
jadimmo/incl_bas.htm:1
jaquemart/incl_bas.htm:1
jb_immobilier/index6.htm:1
jb_immobilier/index-old.htm:1
jb_immobilier/immobilier-libourne.htm:1
jb_immobilier/agence-immobiliere-libourne.htm:1
jb_immobilier/immobilier-sud-ouest.htm:1
jb_immobilier/immobilier-entre-deux-mers.htm:1
jb_immobilier/vignobles-sud-ouest.htm:1
jb_immobilier/maison-sud-ouest.htm:1
jbm/incl_bas.htm:1
jeancinq44/incl_bas.htm:1
jeanrieux/incl_bas.htm:1
jeanrieux/index.htm:1
jeanrieux/inde.3x.htm:1
jeanrieux/index3.htm:1
jeanrieux/maison-toulouse.htm:1
jeanrieux/immobilier-cote-pavee.htm:1
jeanrieux/agence-immobiliere-cote-pavee.htm:1
jomel/template.htm:1
jomel/info.htm:1
jomel/incl_bas.htm:1
jomel/appel.htm:3
jomel/appel2.htm:3
jomel/appel_.htm:3
jomel/appel_fichiers/tabstrip.htm:1
jomel/appel_fichiers/sheet001.htm:1
jomel/appel_fichiers/sheet003.htm:1
jomel/appel_fichiers/sheet002.htm:1
jomel/appel_fichiers/sheet004.htm:1
jomel/tarifgestion.htm:1
jomel/index6.htm:1
jomel/achat-appartement-toulon.htm:1
jomel/annonces-immobilieres-a-toulon.htm:1
jomel/immobilier-var.htm:1
jomel/achat-appartement-a-toulon.htm:1
jomel/immobilier-du-var.htm:1
jomel/immobiliervar.htm:1
jomel/locations-vacances-en-var.htm:1
jomel/achat-appartement-de-toulon.htm:1
jomel/achat-villa-de-toulon.htm:1
jomel/annonces-immobilieres-de-toulon.htm:1
jomel/agences-immobilieres-de-toulon.htm:1
jomel/locationsvacancesvar.htm:1
jomel/achatappartementtoulon.htm:1
jomel/appel_.htm.badlink.old:3
jomel/achatvillatoulon.htm:1
jomel/appel2.htm.badlink.old:3
jomel/annoncesimmobilierestoulon.htm:1
jomel/appel.htm.badlink.old:3
jomel/agencesimmobilierestoulon.htm:1
jomel/index-backup.htm:1
jomel/incl_bas-ref.htm:1
jomel/incl_bas-ref.htm.bak:1
julien/incl_bas.htm:1
korchia/incl_bas.htm:1
kristen/incl_bas.htm:2
lacoste/incl_bas.htm:1
ladresse/incl_Bas.htm:1
lafauvergne/template.htm:1
lafauvergne/incl_bas.htm:1
lafauvergne/incl_bas.htm.bak:1
lafauvergne/fiche_agence_203510.htm:1
lafauvergne/fiche_agence_170901.htm:1
lafloire/incl_bas.htm:1
lafloire/incl_bas2.htm:1
lafloire/page.htm:1
lafloire/page2.htm:1
lafloire/template.htm:1
lafloire/template.htm.badlink.old:1
lafloire/page.htm.badlink.old:1
lafloire/immobilier-loire.htm:1
lafloire/index-old.htm:1
lafloire/immobilier-saint-etienne.htm:1
lafloire/agence-immobiliere-loire.htm:1
lafloire/immobilier-roanne.htm:1
lafloire/immobilier-saint-chamond.htm:1
lafloire/immobilier-montbrison.htm:1
lafloire.ancien/incl_bas.htm:1
lafloire.ancien/incl_bas2.htm:1
lafloire.ancien/page.htm:1
lafloire.ancien/page2.htm:1
lafloire.ancien/template.htm:1
lafloire.ancien/index.htm:1
lafloire.ancien/template.htm.badlink.old:1
lafloire.ancien/page.htm.badlink.old:1
lafloire.ancien/immobilier-loire.htm:1
lafloire.ancien/immobilier-saint-etienne.htm:1
lafloire.ancien/agence-immobiliere-loire.htm:1
lafloire.ancien/immobilier-roanne.htm:1
lafloire.ancien/immobilier-saint-chamond.htm:1
lafloire.ancien/immobilier-montbrison.htm:1
lafoa94/incl_bas.htm:1
lafolj8/incl_basancien.htm:1
lafolj8/incl_bas.htm:1
lafolj8/index4.htm:1
lafolj8/save au cas ou/incl_bas.htm:1
lafolj8/index-safe.htm:1
lafomi6/index6.htm:1
lafomi6/incl_bas.htm:1
lafomi6/incl_bas2.htm:1
lafomi6/page2.htm:1
lafomi6/immobilier-haute-savoie.htm:1
lafomi6/immobilier-chambery.htm:1
lafomi6/immobilier-aix-les-bains.htm:1
lafomi6/immobilier-en-haute-savoie.htm:1
lafomi6/immobilier-evian-les-bains.htm:1
lafomi6/template.htm:1
lafomi6/page.htm:1
lafomi6/immobilier-sud-leman.htm:1
lafomi6/immobilier-thonon-les-bains.htm:1
lafomi6/agence-immobiliere-sud-leman.htm:1
lafomi6/agence-immobiliere-thonon-les-bains.htm:1
lafomi6/immobilier-annemasse.htm:1
lafomi6/agence-immobiliere-evian-les-bains.htm:1
lafomi6/agence-immobiliere-annemasse.htm:1
lafomi6/agence-immobiliere-aix-les-bains.htm:1
lafomi6/immobilier-a-annemasse.htm:1
lafomi6/agence-immobiliere-chambery.htm:1
lafomi6/agence-immobiliere-a-annemasse.htm:1
lafomi6/immobilier-a-chambery.htm:1
lafomi6/immobilier-a-aix-les-bains.htm:1
lafomi6/immobilier-a-evian-les-bains.htm:1
lafomi6/immobilier-a-thonon-les-bains.htm:1
lafomi6/agence-immobiliere-a-chambery.htm:1
lafomi6/agence-immobiliere-a-aix-les-bains.htm:1
lafomi6/page.htm.badlink.old:1
lafomi6/template.htm.badlink.old:1
lafomi6/immobilier-annecy.htm:1
lafomi6/index-old.htm:1
lafomi6/immobilier-a-annecy.htm:1
lafonord/incl_bas.htm:1
lafonord/index4.htm:1
lafonord/index-old.htm:1
laforet-valence/incl_bas.htm:1
laforet-valence/carte.htm:1
laforet-valence/immobilier-valence.htm:1
laforet-valence/agence-immobiliere-valence.htm:1
laforet-valence/location-appartement-valence.htm:1
laforet-valence/achat-appartement-valence.htm:1
laforet-valence/vente-appartement-valence.htm:1
laforet-valence/template.htm:1
laforet-valence/achat-maison-valence.htm:1
laforet-valence/immobilier-a-valence.htm:1
laforet-valence/agence-immobiliere-a-valence.htm:1
laforet-valence/immobilier-sur-valence.htm:1
laforet-valence/agence-immobiliere-sur-valence.htm:1
laforet2/incl_bas.htm:1
laforet_bourgogne/incl_bas.htm:1
laforet_bourgogne_clone1/incl_bas.htm:1
laforet_bourgogne_clone2/incl_bas.htm:1
laforet_bourgogne_clone3/incl_bas.htm:1
laforet_groupementlyon/incl_bas.htm:1
laforet_groupementlyon/incl_bas_old.htm:1
laforet_groupementlyon/index3.htm:1
laforet_groupementlyon/index-back.htm:1
laforet_landes/incl_bas.htm:1
laforet_landes_clone/incl_bas.htm:1
laforet_landes_clone/accueil.htm:1
laforet_landes_clone2/accueil.htm:1
laforet_landes_clone2/incl_bas.htm:1
laforet_landes_clone2/index.htm:1
laforet_landes_clone2/accueil.htm.bak:1
laforet_landes_clone2/index.htm.bak:1
laforet_landes_clone3/accueil.htm:1
laforet_landes_clone3/incl_bas.htm:1
laforet_landes_clone3/index.htm:1
laforet_landes_clone3/accueil.htm.bak:1
laforet_landes_clone3/index.htm.bak:1
laforet_villeurbanne/incl_bas.htm:1
laforetluberon/incl_bas.htm:1
laforetluberon/redirect/incl_bas.htm:1
laforetluberon/old/incl_bas.htm:1
laforetlyon/incl_bas.htm:1
laforetyvelines/incl_bas.htm:1
lafouest/index.htm:1
lafouest/index4.htm:1
lafouest/incl_bas.htm:1
lafoval/index.htm:1
lafoval/incl_bas.htm:1
lafoval/index4.htm:1
lafoval/index.htm_bk:1
lafoyve/incl_bas.htm:1
lagence/index.htm:1
lagence/page.htm:1
lagence/page2.htm:2
lagence/incl_bas.htm:1
lagence/accueil_de.htm:1
lagenerale/incl_bas.htm:1
lagrelle/incl_bas.htm:1
lagrelle/index-backup.htm:1
lagrelle/agence-immobiliereroanne.htm:1
lagrelle/immobilier-de-roanne.htm:1
lagrelle/immobilier-de-golf-juan.htm:1
lagrelle/incl_bas.htm.bak:1
lalanne33/incl_Bas.htm:1
lalanne33/index2.htm:1
lalanne33/immobilier-bassin-d-arcachon.htm:1
lalanne33/locations-vacances-bassin-d-arcachon.htm:1
lalanne33/immobilier-bordeaux.htm:1
lalanne33/agence-immobiliere-bordeaux.htm:1
lalanne33/agence-immobiliere-bassin-d-arcachon.htm:1
lalanne33/vente-echoppes-bordeaux.htm:1
lalanne33/vente-maisons-bordeaux.htm:1
lamaison/incl_Bas.htm:1
landespl/incl_bas.htm:1
landespl/index3.htm:1
landespl/index-backup.htm:1
lanta31/incl_bas.htm:1
lataste/incl_bas.htm:1
lebert/incl_bas.htm:1
lebihan/incl_bas.htm:1
ledomaine/incl_bas.htm:1
lemasson/incl_bas.htm:1
lens/Incl_bas.htm:1
lesage97/incl_bas.htm:1
lesauter/incl_bas.htm:1
lesparticuliers/incl_bas.htm:1
lesparticuliers/template.htm:1
lesparticuliers/abritel/incl_bas.js:1
letuc/incl_bas.htm:1
levignac/incl_bas.htm:1
levignac/index6.htm:1
levignac/index_.htm:1
levignac/index.htm:1
limmo/Incl_bas.htm:1
logezmoi/incl_bas.htm:1
logidirect2/incl_bas.htm:1
logidirect2/accueil.htm:1
logidirect2/index.htm:1
logidirect2/immobilierlyon.htm:1
logidirect2/agenceimmobilierelyon.htm:1
logidirect2/annoncesimmobiliereslyon.htm:1
logidirect2/acheterappartementlyon.htm:1
logidirect2/venteappartementlyon.htm:1
logidirect2/index-old.htm:1
logireve/incl_bas.htm:1
logis/incl_bas.htm:1
logis/backup/incl_bas.htm:1
loirimmo/index6.htm:1
loirimmo/incl_Bas.htm:1
loirimmo/index-old.htm:1
loisir/incl_bas.htm:1
loisir/incl_Bas.htm:1
loti/incl_bas.htm:1
loti/index_old.htm:1
loti/modele-index.htm:1
loti/immobilier-royan.htm:1
loti/immobilierroyan.htm:1
loti/immo-royan.htm:1
loti/agence-immobiliere-royan.htm:1
loti/agenceimmobiliereroyan.htm:1
loti/agence-immo-royan.htm:1
loti/agences-immobilieres-royan.htm:1
loti/agencesimmobilieresroyan.htm:1
loti/agences-immo-royan.htm:1
loti/vente-maison-royan.htm:1
loti/ventemaisonroyan.htm:1
loti/ventemaison-royan.htm:1
loti/achat-maison-royan.htm:1
loti/achatmaisonroyan.htm:1
loti/achatmaison-royan.htm:1
loti/vente-appartement-royan.htm:1
loti/venteappartementroyan.htm:1
loti/vente-appartementroyan.htm:1
loti/achat-appartement-royan.htm:1
loti/achatappartementroyan.htm:1
loti/achat-appartementroyan.htm:1
lourcq/incl_bas.htm:1
lydal/incl_bas.htm:1
lyonloir/incl_Bas.htm:1
lyonloir/index.htm:1
lyonloir/index6.htm:1
maack/incl_bas.htm:1
maesimmo/incl_bas.htm:1
maison-91/incl_bas.htm:1
maj/incl_bas.htm:1
mangin/incl_bas.htm:1
mansart/index.htm:1
mansart/incl_bas.htm:1
mansart/immobilierversaillescabinetmansart.htm:1
mansart/immobilier-versaillescabinetmansart.htm:1
mansart/immobilier-versailles-cabinet-mansart.htm:1
mansart/immobilier-78cabinetmansart.htm:1
mansart/immobilier-78-cabinet-mansart.htm:1
mansart/immobilier78cabinetmansart.htm:1
mansart/annonces-immobilieres-versaillescabinetmansart.htm:1
mansart/annonces-immobilieresversaillescabinetmansart.htm:1
mansart/annonces-immobilieres-versailles-cabinet-mansart.htm:1
mansart/agences-immobilieres-versailles-cabinet-mansart.htm:1
mansart/agences-immobilieresversaillescabinetmansart.htm:1
mansart/templatetest.htm:1
mansart/agences-immobilieres-versaillescabinetmansart.htm:1
mansart/appartements-versailles-cabinet-mansart.htm:1
mansart/maison-versaillescabinetmansart.htm:1
mansart/appartements-versaillescabinetmansart.htm:1
mansart/maisonversailles-cabinet-mansart.htm:1
mansart/appart-versailles-cabinetmansart.htm:1
mansart/maisonversailles-cabinetmansart.htm:1
marquet/incl_bas.htm:1
martine/incl_bas.htm:1
marty34/incl_bas.htm:1
marvic/incl_bas.htm:1
maryse/template.htm:1
maryse/incl_bas.htm:1
maryse/template2.htm:1
maryse/sfdsf.htm:1
maryse/index_old.htm:1
maryse/immobilier-charente-maritime.htm:1
maryse/immobilier-gironde.htm:1
maryse/immobilier-dordogne.htm:1
maryse/immobilier-charente.htm:1
maryse/immobilier-sud-ouest.htm:1
maryse/immobilier-perigord.htm:1
matissimmo/accueil.htm:1
matissimmo/index6.htm:1
matissimmo/index.htm:1
matissimmo/incl_bas.htm:1
matissimmo/immobilier-st-maximin.htm:1
matissimmo/immobilier-haut-var.htm:1
matissimmo/immobilier-bouches-du-rhone.htm:1
matissimmo/immostmaximin.htm:1
matissimmo/immohautvar.htm:1
matissimmo/immobouchesdurhone.htm:1
maximmo/incl_bas.htm:1
maximmo/agence-immobiliere-bourgoinjallieu.htm:1
maximmo/agenceimmobilierebourgoin-jallieu.htm:1
maximmo/agence-immobilierebourgoinjallieu.htm:1
maximmo/immobilier-bourgoin-jallieu.htm:1
maximmo/immobilierbourgoin-jallieu.htm:1
maximmo/immobilier-isere-maximmo.htm:1
maximmo/immobilier-bourgoinjallieu.htm:1
maximmo/index_old.htm:1
maximmo/immobilier-en-isere-maximmo.htm:1
maximmo/immobilier-enisere-maximmo.htm:1
mbi/incl_bas.htm:1
mcfimmo/incl_bas.htm:1
mcimmo83/incl_bas.htm:1
meretsoleil/incl_bas.htm:1
meyer38/immobilier-bievre.htm:1
meyer38/agence-immobilier-meyer.htm:1
meyer38/immobilierbievre.htm:1
meyer38/immo-bievre.htm:1
meyer38/agence-immo-meyer.htm:1
meyer38/agenceimmobiliermeyer.htm:1
meyer38/index-backup.htm:1
meyer38/immo-la-cote-saint-andre.htm:1
meyer38/immobilierlacotesaintandre.htm:1
meyer38/immobilier-la-cote-saint-andre.htm:1
michau/template.htm:1
michau/incl_bas.htm:1
michau/index6.htm:1
michau/index.htm:1
michau/achat-villa-toulon.htm:1
michau/agence-immobiliere-toulon.htm:1
michau/achat-appartement-toulon.htm:1
michauTurballe/incl_bas.htm:1
micot/incl_bas.htm:1
midigest/incl_bas.htm:1
millenium/incl_bas.htm:1
millet/incl_bas.htm:1
mimizan/maquette.htm:1
mimizan/template.htm:1
mimizan/incl_bas.htm:1
mimizan/index3.htm:1
mimizan/immobilier-landes.htm:1
mimizan/immobilier-mimizan.htm:1
mimizan/agence-immobiliere-mimizan.htm:1
mimizan/agence-immobiliere-landes.htm:1
mimizan/vente-maisons-mimizan.htm:1
mimizan/locations-vacances-mimizan.htm:1
mimizan/locations-vacances-landes.htm:1
mimizan/index_old.htm:1
mimizan/incl_bas-ref.htm:1
mimizan/incl_bas-ref.htm.bak:1
montauroux/incl_bas.htm:1
morangis/incl_bas.htm:1
muller/accueil.htm:1
muller/template.htm:1
muller/incl_bas.htm:1
muller/agences.htm:1
musart/accueil.htm:1
musart/template.htm:1
musart/index.htm:1
musart/incl_bas.htm:1
musart/index9.htm:1
musart/immobilier-esbly.htm:1
musart/immobilier-montry.htm:1
musart/immobilier-crecy.htm:1
musart/immobilier-coupvray.htm:1
musart/immobilier-couilly.htm:1
musart/index-old.htm:1
musart/immobilier-st-germain.htm:1
musart/immobilier-a-crecy.htm:1
musart/immobilier-a-st-germain.htm:1
musart/immobilier-a-esbly.htm:1
musart/immobilier-a-montry.htm:1
musart/immobilier-a-coupvray.htm:1
musart/immobilier-a-couilly.htm:1
musart/index-old2.htm:1
noblimo/agences.htm:1
noblimo/incl_bas.htm:1
noblimo/index4.htm:1
nordloire/incl_bas.htm:1
nordloire/index.htm:1
nordloire/index3.htm:1
novi06/template.htm:1
novi06/incl_bas.htm:1
ocarina/incl_bas.htm:1
occitan/template.htm:1
occitan/incl_bas.htm:1
occitan/index4.htm:1
occitan/immobilier-pezenas.htm:1
occitan/immobilier-a-pezenas.htm:1
occitan/agence-immobiliere-pezenas.htm:1
occitan/agence-immobiliere-a-pezenas.htm:1
occitan/vente-maison-pezenas.htm:1
occitan/vente-maison-a-pezenas.htm:1
occitan/vente-appartement-pezenas.htm:1
occitan/vente-appartement-a-pezenas.htm:1
occitan/immobilier-herault.htm:1
occitan/immobilier-en-herault.htm:1
occitan/agence-immobiliere-herault.htm:1
occitan/agence-immobiliere-en-herault.htm:1
occitan/immobilierpezenas.htm:1
occitan/accueil_old.htm:1
occitan/agenceimmobilierepezenas.htm:1
occitan/ventemaisonpezenas.htm:1
occitan/venteappartementpezenas.htm:1
occitan/immobilierherault.htm:1
occitan/agenceimmobiliereherault.htm:1
occitan/index.htm.old:1
occitan/incl_bas.htm.bak:1
oce/incl_bas.htm:1
oceane/incl_bas.htm:1
ohayon31/incl_bas.htm:1
oil/immobilier-44.htm:1
oil/immobilier-la-baule.htm:1
oil/immobilier-le-pouliguen.htm:1
oil/immobilier-nantes.htm:1
oil/immobilier-pornichet.htm:1
oil/incl_bas.htm:1
oil/index6.htm:1
oil/investissement-nantes.htm:1
oil/immo-nantes.htm:1
oil/imonantes.htm:1
oil/imo-nantes.htm:1
oil/imodenantes.htm:1
oil/index_old.htm:1
oil_labaule/incl_bas.htm:1
olive/accueil.htm:1
olive/haut.htm:1
olive/bas.htm:1
olive/incl_bas.htm:1
olive/QSN2.htm:1
olive/left.htm:1
olive/version sans frames/incl_bas.htm:1
olive/version sans frames/accueil.htm:1
olive/immobilier-marseille.htm:1
olive/agence-immobiliere-marseille.htm:1
olive/annonces-immobilieres-marseille.htm:1
olive/index-backup.htm:1
omega/agence-immobiliere-muret.htm:1
omega/agence-immobiliere-ouest-toulouse.htm:1
omega/agence-immobiliere-sud-toulouse.htm:1
omega/immobilier-muret.htm:1
omega/immobilier-ouest-toulouse.htm:1
omega/immobilier-sud-toulouse.htm:1
omega/incl_Bas.htm:1
omega/index.htm:1
omega/index6.htm:1
omega31/accueil.htm:1
omega31/template.htm:2
omega31/incl_bas.htm:2
omega31/accueil.htm.bak:1
omega31/index_test.htm.bak:1
omega31/index.htm.bak:1
omega31/index.htm:1
omega31/incl_bas.htm.bak:2
omnium/incl_bas.htm:1
optisud/incl_bas.htm:1
or050039/page.htm:1
or050039/incl_bas.htm:1
or050923/incl_bas.htm:1
or050923/page.htm:1
or098000/template.htm:1
or098000/incl_bas.htm:1
or098000/home1.htm:1
or098000/home2.htm:1
or098000/home3.htm:1
or098000/home4.htm:1
or112001trollat/accueil.htm:1
or112001trollat/agence-immobiliere-valence.htm:1
or112001trollat/agence-immobilierevalence.htm:1
or112001trollat/agenceimmobilierevalence.htm:1
or112001trollat/immobiliervalence.htm:1
or112001trollat/immobilier-valence-orpi.htm:1
or112001trollat/immobiliervalence-orpi.htm:1
or112001trollat/immobilierdrome.htm:1
or112001trollat/agence-immobilieredrome.htm:1
or112001trollat/agenceimmobilieredrome.htm:1
or112001trollat/agence-immobiliere-drome.htm:1
or112001trollat/immobilier26.htm:1
or112001trollat/immobilierdrome-orpi.htm:1
or112001trollat/immobilier-drome-orpi.htm:1
or112001trollat/immobilier-26-orpi.htm:1
or112001trollat/immobilier26-orpi.htm:1
or112001trollat/agence-immobiliere-26.htm:1
or112001trollat/index_old.htm:1
or112001trollat/index-test.htm:1
or112001trollat/agence-immobiliere26.htm:1
or112001trollat/index_old2.htm:1
ordo/incl_bas.htm:1
ordo/test.htm:1
ordo/test1.htm:1
ordo_clone/incl_bas.htm:1
ordo_clone/accueil.htm:1
orpi-montauriol/incl_bas.htm:1
orpi-montauriol/achat-maison-st-maximin.htm:1
orpi-montauriol/index.htm:1
orpi-montauriol/immobilier-montauban.htm:1
orpi-montauriol/immobilier-tarn-et-garonne.htm:1
orpi-montauriol/immobilier-quercy.htm:1
orpi-pays-basque/incl_bas.htm:2
orpi_azur/incl_bas.htm:1
orpi_bearn_bigorre/incl_bas.htm:1
orpi_bearn_bigorre/accueil.htm:1
orpi_bearn_bigorre/index.htm:1
orpi_bearn_bigorre/immobilier-lourdes.htm:1
orpi_bearn_bigorre/immobilier-bigorre.htm:1
orpi_bearn_bigorre/immobilier-sud-ouest.htm:1
orpi_bearn_bigorre/immobilier-pau.htm:1
orpi_bearn_bigorre/immobilier-tarbes.htm:1
orpi_bearn_bigorre/immobilier-bearn.htm:1
orpi_bearn_bigorre/agence-immobiliere-pau.htm:1
orpi_landes/accueil.htm:1
orpi_landes/incl_bas.htm:1
orpi_landes/template.htm:1
orpi_landes/orpi_var/vente-villa-var.htm:1
orpi_landes/orpi_var/annonces-immobilieres-var.htm:1
orpi_landes/orpi_var/immobilier-var.htm:1
orpi_landes/orpi_var/incl_bas.htm:1
orpi_landes/orpi_var/index.htm:1
orpi_landes/orpi_var/index4.htm:1
orpi_landes/orpi_var/vente-appartement-var.htm:1
orpi_landes/index6.htm:1
orpi_landes/immobiliersudouesttheme.htm:1
orpi_landes/immobilier-landes.htm:1
orpi_landes/immobilier-sud-ouest.htm:1
orpi_landes/immobilier-cote-landaise.htm:1
orpi_landes/agences-immobilieres-landes.htm:1
orpi_landes/agences-immobilieres-sud-ouest.htm:1
orpi_landes/maisons-landes.htm:1
orpi_landes/immobilier-dans-les-landes.htm:1
orpi_landes/immobilier-dans-le-sud-ouest.htm:1
orpi_landes/immobilier-sur-la-cote-landaise.htm:1
orpi_landes/agences-immobilieres-des-landes.htm:1
orpi_landes/agences-immobilieres-du-sud-ouest.htm:1
orpi_landes/maisons-des-landes.htm:1
orpi_landes/_index.htm:1
orpi_provence/incl_bas.htm:1
orpi_provence/accueil.htm:1
orpi_provence/index.htm:1
orpi_provence/index.htm.bak:1
orpi_var/vente-villa-var.htm:1
orpi_var/annonces-immobilieres-var.htm:1
orpi_var/immobilier-var.htm:1
orpi_var/incl_bas.htm:1
orpi_var/index4.htm:1
orpi_var/vente-appartement-var.htm:1
orpi_var/immo-toulon.htm:1
orpi_var/agenceimmobilieretoulon.htm:1
orpi_var/agenceimmo-var.htm:1
orpi_var/annoncesimmobilieresvar.htm:1
orpi_var/immobiliervar.htm:1
orpi_var/index_old.htm:1
orpiactuelimmo/incl_bas.htm:1
orpiactuelimmo/page.htm:1
orpiactuelimmo/incl_bas-test-ref.htm:1
orpiactuelimmo/incl_bas_.htm:1
orpiaix/accueil.htm:1
orpiaix/ref:1
orpiaix/index6.htm:1
orpiaix/immobilieraixenprovence.htm:1
orpiaix/immobilierprovence.htm:1
orpiaix/agenceimmobiliereprovence.htm:1
orpiaix/agenceimmobiliereaixenprovence.htm:1
orpiaix/ventemaisonaixenprovence.htm:1
orpiaix/ventemaisonprovence.htm:1
orpiaix/immobilier-aix-en-provence.htm:1
orpiaix/immobilier-provence.htm:1
orpiaix/vente-maison-provence.htm:1
orpiaix/agence-immobiliere-provence.htm:1
orpiaix/agence-immobiliere-aix-en-provence.htm:1
orpiaix/vente-appartement-aix-en-provence.htm:1
orpiaix/immoprovence.htm:1
orpiaix/immoaixenprovence.htm:1
orpiaix/ref.htm:1
orpiaix/index.htm_ref:1
orpiaix/index_.htm:1
orpiaix/index.htm:1
orpiaix/index-immo.htm:1
orpiaix/30-08-05_index.htm:1
orpiaix/index.htm_bckup_12-01-06:1
orpibonnet/index2.htm:1
orpibonnet/immobilier-clermont-ferrand.htm:1
orpibonnet/agence-immobiliere-clermont-ferrand.htm:1
orpibonnet/immobilier-riom.htm:1
orpibonnet/index.htm_ref:1
orpibourgogne/incl_bas.htm:1
orpibrionne/incl_bas.htm:1
orpimmo/incl_bas.htm:1
orpisere/incl_bas.htm:1
orpisere/template.htm:1
orpisere/template.htm.nby.sl:1
orsayimmo/incl_bas.htm:1
orsayimmo/ancien_version/incl_Bas.htm:1
ouestlyon/incl_bas.htm:1
ouestlyon/index4.htm:1
ouestlyon/_index.htm:1
ouesttrans2/vente-appartement-sur-lyon.htm:1
ouesttrans2/vente-appartement-dans-lyon.htm:1
ouesttrans2/agence-immobiliere-sur-lyon.htm:1
ouesttrans2/agence-immobiliere-dans-lyon.htm:1
palpied/incl_bas.htm:1
panorama/incl_bas.htm:1
paris/index3.htm:1
paris/immobilier-ile-de-re.htm:1
paris/agence-immobiliere-ile-de-re.htm:1
paris/annonces-immobilieres-ile-de-re.htm:1
paris/achat-maison-ile-de-re.htm:1
paris/vente-maison-ile-de-re.htm:1
paris/achat-appartement-ile-de-re.htm:1
paris/immobilier-saint-martin-de-re.htm:1
paris/immobilier-la-flotte-en-re.htm:1
paris/index_old.htm:1
pci31/incl_bas.htm:1
pci83/incl_bas.htm:1
pci83/immobilier-brignoles-guy-hoquet.htm:1
pci83/immobilierbrignolesguyhoquet.htm:1
pci83/immobilierbrignoles-guy-hoquet.htm:1
pci83/immobilier-le-cannet-des-mauresguyhoquet.htm:1
pci83/immobilierlecannetdesmaures-guy-hoquet.htm:1
pci83/immobilier-le-cannet-des-maures-guy-hoquet.htm:1
pci83/immobilierle-lucenprovence.htm:1
pci83/immobilierle-lucen-provence.htm:1
pci83/immobilierlelucenprovence.htm:1
pci83/index_old.htm:1
pelimmo/index4.htm:1
pelimmo/index.htm:1
pelimmo/immobilier-salon-de-provence.htm:1
pelimmo/villa-salon-de-provence.htm:1
pelimmo/immobilier-grans.htm:1
pelimmo/index.htm_bk:1
pelimmo/villa-grans.htm:1
pelimmo/villa-pelissanne.htm:1
pelimmo/immobilier-pelissanne.htm:1
perfimmo/incl_bas.htm:1
perfimmo/incl_bas.htm.bak:1
perrin34/incl_bas.htm:1
perrin34/immobilier-sete-agence-perrin.htm:1
perrin34/immobilierseteagenceperrin.htm:1
perrin34/immo-sete-agence-perrin.htm:1
perrin34/agence-immobiliere-sete.htm:1
perrin34/agenceimmobilieresete.htm:1
perrin34/agence-immo-sete.htm:1
perrin34/maisonseteagenceperrin.htm:1
perrin34/maison-sete-agence-perrin.htm:1
perrin34/maison-sete-agenceperrin.htm:1
perrin34/appartementseteagenceperrin.htm:1
perrin34/appartement-sete-agenceperrin.htm:1
perrin34/index_old.htm:1
perrin34/appartement-sete-agence-perrin.htm:1
perrin34/immo-frontignan-agence-perrin.htm:1
perrin34/immobilierfrontignanagenceperrin.htm:1
perrin34/immobilier-frontignan-agence-perrin.htm:1
perrin34/immobilierheraultagenceperrin.htm:1
perrin34/immo-herault-agence-perrin.htm:1
perrin34/immobilier-herault-agence-perrin.htm:1
perrin34/achat-immo-sete-agence-perrin.htm:1
perrin34/achat-immobilierseteagenceperrin.htm:1
perrin34/achat-immobilier-sete-agence-perrin.htm:1
petitjuas/incl_bas.htm:1
petitjuas/incl_bas_2.htm:1
phenicia/incl_bas.htm:1
phenicia/index3.htm:1
phenicia/immobilier-brignoles.htm:1
phenicia/agences-immobilieres-brignoles.htm:1
phenicia/annonces-immobilieres-brignoles.htm:1
phenicia/_index.htm:1
phenicia/index2.htm:1
pichard/incl_Bas.htm:1
pierre/incl_bas.htm:1
piic/incl_bas.htm:1
pilote/incl_bas.htm:1
pinatel/incl_bas.htm:1
pins44/incl_bas.htm:1
pitch/incl_bas.htm:1
plage/index.htm:1
plage/incl_bas.htm:1
plage/immobilier-a-royan.htm:1
plage/immobilier-sur-la-charente-maritime.htm:1
plage/immobilier-vaux-sur-mer.htm:1
plage/agence-immobiliere-vaux-sur-mer.htm:1
plage/immobilier-sud-ouest.htm:1
plage/immobilierroyantheme.htm:1
plage/immobiliercharentetheme.htm:1
plage/immobiliersudouesttheme.htm:1
plessis/incl_bas.htm:1
plus17/index.htm:1
plus17/incl_bas.htm:1
plus17/index4.htm:1
plus17/maisons-royan.htm:1
plus17/maisons-saint-georges-de-didonne.htm:1
plus17/immobilier-saint-georges-de-didonne.htm:1
plus17/immobilier-sud-ouest.htm:1
point31/incl_bas.htm:1
pointinfo/incl_bas.htm:1
prestiige/incl_bas.htm:1
primmo92/incl_bas.htm:1
primmo92/index.htm:1
primmo92/index3.htm:1
primmo92/immobilier-chatenay-malabry.htm:1
primmo92/immobilier-antony.htm:1
primmo92/immobilier-sceaux.htm:1
primmo92/immobilier-fontenay-aux-roses.htm:1
primmo92/immobilier-plessis-robinson.htm:1
primmo92/immobilier-bourg-la-reine.htm:1
primmo92/immobilier-chatillon.htm:1
primmolyon/incl_bas.htm:1
propimmo/page.htm:1
propimmo/index.htm:1
propimmo/incl_bas.htm:2
propimmo/test.htm:1
propri17/incl_bas.htm:1
provence13/incl_bas.htm:1
provence13/vente-villas-aix-en-provence3.htm:1
provence13/index.htm:1
provence13/vente-villas-aix-en-provence1.htm:1
provence13/vente-villas-aix-en-provence2.htm:1
provence13/promoteur-constructeur-aix-en-provence2.htm:1
provence13/promoteur-constructeur-aix-en-provence3.htm:1
provence13/promoteur-constructeur-aix-en-provence1.htm:1
provence13/immobilier-neuf-bouches-du-rhone1.htm:1
provence13/immobilier-neuf-bouches-du-rhone2.htm:1
provence13/immobilier-neuf-bouches-du-rhone3.htm:1
provence83/Incl_bas.htm:1
provence_transactions/template.htm:1
provence_transactions/incl_bas.htm:1
provence_transactions/accueil.htm:1
provenciel/incl_Bas.htm:1
pruvost/incl_bas.htm:1
pruvost/index6.htm:1
pruvost/immobilier-macon.htm:1
pruvost/immobilier-villefranche-sur-saone.htm:1
pruvost/immobilier-entreprise-macon.htm:1
pruvost/immobilier-nord-ouest-lyonnais.htm:1
pruvost/immobilier-ouest-lyonnais.htm:1
pruvost/immobilier-entreprise-lyon.htm:1
pruvost/index_old.htm:1
quincy/accueil.htm:1
quincy/incl_bas.htm:1
quincy/index4.htm:1
quincy/index.htm:1
quincy/accueil_old.htm:1
raviniere/templates.htm:1
raviniere/_incl_bas.htm:1
raviniere/index2.htm:1
raviniere/vexin.htm:1
raviniere/nous.htm:1
raviniere/popup.htm:1
raviniere/carte.htm:1
raviniere/test.htm:1
raviniere/redirect/incl_bas.htm:1
raviniere/vente-appartement-cergy.htm:1
raviniere/immobilier-vexin.htm:1
raviniere/annonces-immobilieres-vexin.htm:1
raviniere/immobilier-cergy-pontoise.htm:1
raviniere/vente-appartement-vexin.htm:1
raviniere/agence-immobiliere-cergy-pontoise.htm:1
raviniere/annonces-immobilieres-osny.htm:1
raviniere/vente-maison-cergy.htm:1
raviniere/agence-immobiliere-vexin.htm:1
raviniere/vente-maison-osny.htm:1
raviniere/vente-appartement-cergy-pontoise.htm:1
raviniere/vente-appartement-osny.htm:1
raviniere/vente-maison-vexin.htm:1
raviniere/annonces-immobilieres-cergy.htm:1
raviniere/index-back.htm:1
raviniere/index2.htm.bak:1
raviniere/template.htm:1
raviniere/incl_bas.htm:1
raviniere/indexb.htm:1
raviniere/indexa.htm:1
raviniere/indexc.htm:1
raviniere/incl_bas-test-ref.htm:1
raviniere/indexd.htm:1
raviniere/template2.htm:1
raviniere/gestionloc.htm:1
realimmo/Incl_bas.htm:1
reference/incl_bas.htm:1
reference/index6.htm:1
reference/accueil.htm:1
regie38/incl_bas.htm:1
regie38/slagence_reflection/incl_bas.htm:1
regiebertrand/incl_bas.htm:2
renard/incl_bas.htm:1
renard/modele-index.htm:1
renard/immobilierchatenaymalabry.htm:1
renard/immobilierchatenay.htm:1
renard/immochatenay.htm:1
renard/immobilier-antony.htm:1
renard/immobilierantony.htm:1
renard/immo-antony.htm:1
renard/index_old.htm:1
republique/incl_bas.htm:1
reve/accueil.htm:1
reve/incl_bas.htm:2
reve/old/incl_bas_.htm:1
reve2/incl_bas.htm:1
reve_de_sud/incl_bas.htm:1
riviera/incl_bas.htm:1
riviera/index4.htm:1
riviera/vente-maisons-cote-dazur1.htm:1
riviera/immobilier-cote-d-azur.htm:1
riviera/vente-maisons-cote-dazur2.htm:1
riviera/immobilier-06-alpes-maritimes.htm:1
riviera/maisons-villas-cote-d-azur.htm:1
riviera/vente-maisons-cote-dazur3.htm:1
riviera/appartements-cote-d-azur.htm:1
riviera/agences-immobilieres-cote-d-azur.htm:1
riviera/index_.htm:1
riviera/achat-maisons-cote-dazur1.htm:1
riviera/annonces-immobilieres-cote-d-azur.htm:1
riviera/buying-renting-french-riviera.htm:1
riviera/index-english.htm:1
riviera/real-estate-french-riviera.htm:1
riviera/apartments-flat-french-riviera.htm:1
riviera/achat-maisons-cote-dazur2.htm:1
riviera/house-villa-french-riviera.htm:1
riviera/achat-maisons-cote-dazur3.htm:1
riviera/properties-french-riviera.htm:1
riviera/cote-d-azur-real-estate.htm:1
riviera/incl_bas_ancien.htm:1
roche/incl_bas.htm:1
roche/incl_bas.htm.bak:1
roche/la-rochelle.htm:1
ronsard/incl_bas.htm:1
rosimmo31/incl_bas.htm:1
rsa/img/incl_Bas.htm:1
rsa/incl_Bas.htm:1
sadone_v3/incl_bas.htm:1
sanremo/appartement-nice.htm:1
sanremo/immobilier-du-06.htm:1
sanremo/incl_bas.htm:1
sanremo/index6.htm:1
sanremo/villa-nice.htm:1
sanremo/_index.htm:1
sarlh25/incl_bas.htm:1
sartoris/incl_bas.htm:1
sartoris/template.htm:1
sartoris/index.htm:1
sartoris/index4.htm:1
sartoris/immobilier-sartrouville.htm:1
sartoris/agence-immobiliere-sartrouville.htm:1
sartoris/annonces-immobilieres-sartrouville.htm:1
sartoris/annonces-immobilieres-houilles.htm:1
sartoris/agence-immobiliere-houilles.htm:1
sartoris/immobilier-houilles.htm:1
savon/accueil.htm:1
savon/immobilier-aix-en-provence.htm:1
savon/agence-immobiliere-aix-en-provence.htm:1
savon/vente-appartement-aix-en-provence.htm:1
savon/vente-maison-aix-en-provence.htm:1
savon/vente-villa-aix-en-provence.htm:1
savon/vente-proprietes-aix-en-provence.htm:1
savon/index-backup.htm:1
sbsi/incl_Bas.htm:1
self/incl_bas.htm:1
self/template.htm:1
seudre/incl_bas.htm:1
sextius/incl_bas.htm:1
sfi/incl_bas.htm:1
sfi/index6.htm:1
sgn/incl_bas.htm:1
sgsi/incl_bas.htm:1
sigmo/incl_bas.htm:1
sit/incl_bas.htm:1
slagence_celestin/incl_bas.htm:1
slagence_celestin/celestin - dossier trouver dans id3x - passage sous x avec le dossier qui etait dans sla/incl_bas.htm:1
slagence_piccato/Incl_bas.htm:1
slp/incl_Bas.htm:1
slti/incl_bas.htm:1
socerm/incl_bas.htm:1
sofidy/template.htm:1
sofidy/incl_bas.htm:1
sofidy/immobilier-poissy1.htm:1
sofidy/immobilier-poissy3.htm:1
sofidy/immobilier-poissy2.htm:1
sofidy/agence-immobiliere-andresy1.htm:1
sofidy/immobilier-andresy2.htm:1
sofidy/immobilier-andresy1.htm:1
sofidy/immobilier-andresy3.htm:1
sofidy/location-andresy1.htm:1
sofidy/location-andresy2.htm:1
sofidy/agence-immobiliere-poissy2.htm:1
sofidy/agence-immobiliere-poissy3.htm:1
sofidy/index.htm_ref:1
sofidy/agence-immobiliere-poissy1.htm:1
sofidy/location-poissy3.htm:1
sofidy/location-poissy1.htm:1
sofidy/location-andresy3.htm:1
sofidy/agence-immobiliere-andresy2.htm:1
sofidy/agence-immobiliere-andresy3.htm:1
sofidy/location-poissy2.htm:1
sofidy_clone/accueil.htm:1
sofidy_clone/incl_bas.htm:1
sogeimo/incl_bas.htm:1
sokoburu/incl_bas.htm:1
soleil/index6.htm:1
soleil/agence-immobiliere-la-ciotat.htm:1
soleil/immobilier-la-ciotat.htm:1
soleil/achat-vente-villa-la-ciotat.htm:1
soleil/achat-vente-appartement-la-ciotat.htm:1
soleil/defiscalisation-bouches-du-rhone.htm:1
soleil/index.htm_old:1
soleil2/incl_bas.htm:1
sothis/accueil.htm:1
sothis/template1.htm:1
sothis/template2.htm:1
sothis/essai.htm:1
sothis/incl_bas_immo.htm:1
sothis/incl_bas_invest.htm:1
sothis/index6.htm:1
sothis/agence-immobiliere-a-toulouse.htm:1
sothis/agence-immobiliere-gaillac.htm:1
sothis/agence-immobiliere-montauban.htm:1
sothis/vente-terrain-a-toulouse.htm:1
sothis/promoteur-immobilier-toulouse.htm:1
sothis/programme-neuf-toulouse.htm:1
sothis/index-backup.htm:1
soti/incl_bas.htm:1
sovagim/incl_bas.htm:1
speedimmo/incl_bas.htm:2
speedimmo/index.htm:1
speedimmo/page.htm:2
speedimmo/immobilier-provence.htm:1
speedimmo/immobilier-aubagne.htm:1
speedimmo/immobilier-cassis.htm:1
speedimmo/immobilier-carnoux.htm:1
speedimmo/immobilier-la-ciotat.htm:1
speedimmo/immobilier-marseille.htm:1
standre/incl_bas.htm:1
standre/prepa/incl_bas.htm:1
standre/template/incl_bas.htm:1
stcharles/incl_bas.htm:1
stein/incl_bas.htm:1
sterne/incl_bas.htm:1
sterneloisirs/incl_bas.htm:1
sublimo/index3.htm:1
sublimo/index.htm:1
sud/nouveau/incl_bas.htm:1
sud/nouveau/template.htm:1
sud/nouveau/template2.htm:1
sud/old/incl_bas.htm:1
sud/old3/incl_bas.htm:1
sud/old3/template.htm:1
sud/incl_bas.htm:1
sud/template.htm:1
sud/template2.htm:1
sud2/nouveau/incl_bas.htm:1
sud2/nouveau/template.htm:1
sud2/nouveau/template2.htm:1
sud2/old/incl_bas.htm:1
sud2/old3/incl_bas.htm:1
sud2/old3/template.htm:1
sud2/incl_bas.htm:1
sud2/template.htm:1
sud2/template2.htm:1
sudtra34/incl_bas.htm:1
sudtra34/index3.htm:1
sudtra34/immobilier-sete.htm:1
sudtra34/agence-immobiliere-sete.htm:1
sudtra34/annonces-immobilieres-sete.htm:1
sudtra34/achat-maison-sete.htm:1
sudtra34/achat-appartement-sete.htm:1
sudtra34/achat-villa-sete.htm:1
sudtra34/index_old.htm:1
suffert/incl_bas.htm:1
sully/incl_bas.htm:1
sully/immobilier-rosny-sur-seine.htm:1
sully/agence-immobiliere-rosny-sur-seine.htm:1
sully/achat-appartement-rosny-sur-seine.htm:1
sully/achat-maison-rosny-sur-seine.htm:1
surfaces/incl_Bas.htm:1
synergie/slagence_sfiancien/incl_bas.htm:1
synergie/incl_bas.htm:1
tag/incl_bas.htm:1
tardiveau/incl_bas.htm:1
terre84/page.htm:1
terre84/accueil.htm:1
terre84/incl_bas.htm:1
terre84/page2.htm:1
terre84/index.htm:1
terresprovence/incl_Bas.htm:1
terresprovence/template.htm:1
terrisse/incl_Bas.htm:1
terrisse/immobilier-montpellier.htm:1
terrisse/index3.htm:1
terrisse/agence-immobilieremontpellier.htm:1
terrisse/immobilier-languedoc-roussillon-.htm:1
terrisse/immobilier-languedoc-roussillon.htm:1
terrisse/agenceimmobiliere-montpellier.htm:1
terrisse/_index.htm:1
test_nabil/incl_Bas.htm:1
test_template/incl_bas.htm:1
tilleuls17/incl_bas.htm:1
tilleuls17/index1.htm:1
tilleuls17/index3.htm:1
tip/incl_bas.htm:1
today/incl_bas.htm:1
today/index4.htm:1
today/immobilier-isere.htm:1
today/agence-immobiliere-isere.htm:1
today/immobilier-38.htm:1
today/index-safe.htm:1
tolosan31/incl_bas.htm:1
tradinvest/incl_Bas.htm:1
trans83/incl_bas.htm:1
transabat/incl_Bas.htm:1
transac66/template.htm:1
transac66/incl_bas.htm:1
transac66/test.htm:1
transacimmo/Incl_bas.htm:1
transagri/agence-immobiliere-montpellier.htm:1
transagri/immobilier-aude.htm:1
transagri/immobilier-bezier.htm:1
transagri/immobilier-beziers.htm:1
transagri/immobilier-corbieres.htm:1
transagri/immobilier-montpellier.htm:1
transagri/immobilier-pezenas.htm:1
transagri/immobilier-a-montpellier.htm:1
transimmo/incl_bas.htm:1
transimmogroupe/incl_bas.htm:1
transimmogroupe/index-old.htm:1
transimmogroupe/template.htm:1
transimmogroupe/index9.htm:1
transimmogroupe/locations-vacances-la-rochelle.htm:1
transimmogroupe/locations-vacances-royan.htm:1
transimmogroupe/locations-vacances-espagne.htm:1
turpin/incl_bas.htm:1
union/incl_bas.htm:1
vac83/incl_bas.htm:1
val/incl_bas.htm:1
val/template.htm:1
val_mbci/template_val_mbci.htm:1
val_mbci/incl_bas.htm:1
val_mbci/incl_bas.htm.bak2:1
valere/incl_bas.htm:1
valere/index.htm:1
valere/index6.htm:1
valere/immobilier-taverny.htm:1
valere/agence-immobiliere-taverny.htm:1
valere/achat-appartement-taverny.htm:1
valimmo/incl_Bas.htm:1
vallees/incl_bas.htm:1
varest/page.htm:1
varest/page2.htm:1
varest/incl_bas.htm:1
varest/accueil.htm:1
varest/Copy of accueil.htm:1
viazur/incl_bas.htm:1
viazur/slagence_viazur2/incl_bas.htm:1
vif/location-paris1.htm:1
vif/location-arras2.htm:1
vif/incl_bas.htm:1
vif/location-paris2.htm:1
vif/location-paris3.htm:1
vif/location-arras1.htm:1
vif/location-arras3.htm:1
vif/location-montpellier1.htm:1
vif/index-old.htm:1
vif/location-tours2.htm:1
vif/location-lyon1.htm:1
vif/location-tours1.htm:1
vif/location-pau3.htm:1
vif/location-tours3.htm:1
vif/location-toulouse1.htm:1
vif/location-lyon2.htm:1
vif/location-lyon3.htm:1
vif/location-montpellier2.htm:1
vif/location-montpellier3.htm:1
vif/Copie de incl_bas.htm:1
vif/location-toulouse2.htm:1
vif/location-toulouse3.htm:1
vif/location-pau1.htm:1
vif/location-bordeaux1.htm:1
vif/location-pau2.htm:1
vif/location-bordeaux2.htm:1
vif/location-bordeaux3.htm:1
village/incl_bas.htm:1
village_paris/index.htm:1
village_paris/incl_bas.htm:1
village_paris/_bak/incl_bas.htm:1
village_paris/immobilier-suresnes-village-bleu.htm:1
village_paris/immobiliersuresnesvillagebleu.htm:1
village_paris/immobilier-suresnes-villagebleu.htm:1
village_paris/immobilierputeauxvillagebleu.htm:1
village_paris/immobilier-puteaux-villagebleu.htm:1
village_paris/immobilier-puteaux-village-bleu.htm:1
village_paris/immobilier92villagebleu.htm:1
village_paris/immobilier-92-villagebleu.htm:1
village_paris/immobilier-92-village-bleu.htm:1
village_paris/immobiliernanterrevillagebleu.htm:1
village_paris/immobilier-nanterre-villagebleu.htm:1
village_paris/immobilier-nanterre-village-bleu.htm:1
village_paris/immobilier-hautsdeseine.htm:1
village_paris/immobilier-asnieres-surseine.htm:1
village_paris/immobilierasnieressur-seine.htm:1
village_paris/immobilierasnieressurseine.htm:1
village_paris/immobilierhautsdeseine.htm:1
village_paris/immobilier-hautsde-seine.htm:1
village_paris/immobilier-rueil-malmaison.htm:1
village_paris/immobilier-rueilmalmaison.htm:1
village_paris/immobilierrueilmalmaison.htm:1
village_paris/agence-immobiliere-nanterre-villagebleu.htm:1
village_paris/agenceimmobiliere-suresnes-village-bleu.htm:1
village_paris/agence-immobiliere-nanterrevillagebleu.htm:1
village_paris/agence-immobiliere-rueil-malmaison-villagebleu.htm:1
village_paris/agence-immobiliere-rueil-malmaisonvillagebleu.htm:1
village_paris/agenceimmobiliere-rueil-malmaison-village-bleu.htm:1
village_paris/agence-immobiliere-asnieres-surseine.htm:1
village_paris/agenceimmobiliere-asnieres-sur-seine.htm:1
village_paris/agence-immobiliere-asnieressurseine.htm:1
village_paris/agence-immobiliere-suresnes-villagebleu.htm:1
village_paris/agence-immobiliere-suresnesvillagebleu.htm:1
village_paris/agenceimmobiliere-nanterre-village-bleu.htm:1
village_paris/agence-immobiliere-puteaux-villagebleu.htm:1
village_paris/agence-immobiliere-puteauxvillagebleu.htm:1
village_paris/agenceimmobiliere-puteaux-village-bleu.htm:1
vincent9/accueil.htm:1
vincent9/incl_bas.htm:1
vincent9/calculette.htm:1
vincent9/immobilier-colombes3.htm:1
vincent9/index_old.htm:1
vincent9/accueil.htm.bak:1
vincent9/incl_bas.htm.bak:1
vite/incl_bas.htm:1
vizcaya/incl_bas.htm:1
vmh17/incl_bas.htm:1
vuemer/incl_bas.htm:1
vuemer/index6.htm:1
vuemer/index.htm:1
warbel/incl_bas.htm:1
yerres/incl_bas.htm:1
yerres/slagence_yerres_bak/incl_bas.htm:1
ygl/incl_bas.htm:1
zarcone/incl_bas.htm:1
zola/incl_bas.htm:1
abimaster/incl_bas.htm:1
acantalis/agenceimmoaixenprovence.htm:1
acantalis/agenceimmoavignon.htm:1
acantalis/agence-immobiliere-aix-en-provence.htm:1
acantalis/agence-immobiliere-avignon.htm:1
acantalis/agence-immobiliere-fuveau.htm:1
acantalis/agenceimmofuveau.htm:1
acantalis/immoaixenprovence.htm:1
acantalis/immoavignon.htm:1
acantalis/immobilier-aix-en-provence.htm:1
acantalis/immobilier-avignon.htm:1
acantalis/immobilier-fuveau.htm:1
acantalis/immofuveau.htm:1
acantalis/old/index_old.htm:1
acantalis/old/incl_bas.htm:1
acantalis/old/accueil.htm:1
acantalis/index4.htm:1
acantalis/template.htm:1
acantalis/index_old.htm:1
alliance13/incl_bas.htm:1
bousquet/accueil.htm:1
bousquet/page.htm:1
bousquet/page2.htm:1
bousquet/incl_bas_.htm:1
bousquet/index4.htm:1
bousquet/index-test.htm:1
bousquet/Copie de index.htm:1
bousquet/immobilier-versailles.htm:1
bousquet/immobilier-le-chesnay.htm:1
bousquet/index-old.htm:1
bousquet/appartement-le-chesnay.htm:1
bousquet/appartement-versailles.htm:1
bousquet/maison-versailles.htm:1
bousquet/maison-le-chesnay.htm:1
bousquet/ancienne version/accueil.htm:1
bousquet/ancienne version/incl_bas.htm:1
bousquet/ancienne version/incl_bas_.htm:1
bousquet/ancienne version/index.htm:1
bousquet/ancienne version/index3.htm:1
bousquet/ancienne version/page.htm:1
cdc_dynamique/ips/incl_bas.htm:1
cdc_dynamique/ips/index.htm:1
cdc_dynamique/ips/index10.htm:1
cdc_dynamique/ips/agence-immobiliere-bouches-du-rhone.htm:1
cdc_dynamique/ips/immobilier-aubagne.htm:1
cdc_dynamique/ips/annonces-immobilieres-aubagne.htm:1
cdc_dynamique/ips/achat-villa-carnoux-en-provence.htm:1
cdc_dynamique/ips/achat-appartement-carnoux-en-provence.htm:1
cdc_dynamique/ips/immobilier-particulier-aubagne.htm:1
eurosud/incl_bas.htm:1
eurosud/template1.htm:1
golfe83/template.htm:1
golfe83/incl_bas.htm:1
iph/template2.htm:1
iph/incl_bas_old.htm:1
iph/incl_bas.htm:1
ips/agence-immobiliere-bouches-du-rhone.htm:1
ips/achat-appartement-carnoux-en-provence.htm:1
ips/achat-villa-carnoux-en-provence.htm:1
ips/old/index.htm:1
ips/old/incl_bas.htm:1
ips/annonces-immobilieres-aubagne.htm:1
ips/immobilier-aubagne.htm:1
ips/immobilier-particulier-aubagne.htm:1
ips/index10.htm:1
ips/index1.htm:1
mcapromo/incl_bas.htm:1
or028020tassin/index.htm:1
or028044/accueil.htm:1
or028044/index.htm:1
orpi31/achat-maison-toulouse.htm:1
orpi31/agence-immobiliere-montauban.htm:1
orpi31/agence-immobiliere-tarn-et-garonne.htm:1
orpi31/incl_bas.htm:1
orpi31/annonce-immobiliere-toulouse.htm:1
orpi31/carte.htm:1
orpi31/immobilier-a-montauban.htm:1
orpi31/immobilier-en-tarn-et-garonne.htm:1
orpi31/immobilier-haute-garonne.htm:1
orpi31/immobilier-montauban.htm:1
orpi31/immobilier-nord-toulouse.htm:1
orpi31/immobilier-tarn-et-garonne.htm:1
orpi31/template.htm:1
orpi31/index-old.htm:1
orpi31/logement-toulouse.htm:1
orpi31/se-loger-a-toulouse.htm:1
orpi31/temp carte.htm:1
orpi31/test.htm:1
orpi31/test5.htm:1
orpi31/text recrut.htm:1
orpi31/vente-maison-tarn-et-garonne.htm:1
orpi31/vente-maison-toulouse.htm:1
orpi31/incl_bas_old.htm:1
santonum/accueil.htm:1
santonum/template.htm:1
santonum/incl_bas.htm:2
santonum/index.htm:2
santonum/index-english.htm:1
santonum/index.htm.bak:2
